record_id,age_group,age,weight,gender,region,smoking_status,exercise_frequency,bmi,blood_pressure,diabetes,hypertension,cholesterol_level,glucose_level,visit_date
33046596-905d-4076-ae2e-e997b0bb0f62,46-60,56,81,Female,South,Smoker,Weekly,29.4,150.4,FALSE,FALSE,295.1,114.4,09-05-2025
b5771b91-b626-45e9-9cb8-ff571da64d1a,60+,69,59,Male,South,Smoker,Weekly,22.2,148.3,FALSE,TRUE,207.6,104.5,08-02-2024
590ec651-eed8-467e-9e24-1b3c74610956,46-60,46,48,Female,South,Former Smoker,Weekly,19.3,144,FALSE,FALSE,227.3,97.4,10-06-2024
4d1af195-1f03-45ac-b873-7896a31ef1e9,26-35,32,66,Female,West,Smoker,Weekly,22,130.2,FALSE,FALSE,237.3,103.7,30-04-2024
15209345-f431-4899-b8fc-84501b40442b,46-60,60,62,Male,East,Non-Smoker,Weekly,26.2,148.3,TRUE,FALSE,247.1,127.5,02-02-2025
cded4470-2c77-4741-b67c-b2ca8cad1e44,18-25,25,55,Male,East,Non-Smoker,Weekly,18,122,FALSE,FALSE,186.7,108.1,18-09-2024
03bca0c8-5d41-4306-9b08-168e971d8ecb,60+,78,66,Male,North,Non-Smoker,Rarely,26.8,165.5,TRUE,FALSE,237.9,126.9,28-12-2025
96148618-1108-4670-9b5e-236974b4f278,36-45,38,74,Female,North,Former Smoker,Weekly,29.1,160.2,FALSE,FALSE,231,107.4,14-07-2025
fff77c9c-c69c-40a6-a13d-f4ed4de36f1f,46-60,56,68,Other,East,Smoker,Daily,29.3,145.5,TRUE,FALSE,259.3,146.5,26-08-2025
758900de-bbc9-4708-a612-19d1a06324ca,60+,75,72,Male,East,Non-Smoker,Rarely,27.4,142.9,FALSE,TRUE,254.4,92.8,08-05-2024
a71bcfd6-6bc4-4a6a-8d0c-10de13fd894c,36-45,36,92,Female,East,Former Smoker,Weekly,29.4,142.2,FALSE,FALSE,241.9,97.2,23-06-2025
a6325a93-7ba6-444e-bb09-d46d0e77b12e,36-45,40,64,Male,West,Non-Smoker,Weekly,21.6,140.2,FALSE,FALSE,187,108.5,21-12-2024
493f7f1a-b9f7-4709-a0d8-472a2954ed1e,26-35,28,72,Other,East,Former Smoker,Rarely,23,137.5,FALSE,FALSE,200.9,107.3,21-10-2025
4e886ab8-38a2-4b2c-abbd-81d7c492682c,26-35,28,61,Female,North,Smoker,Weekly,20.6,135,FALSE,FALSE,190.1,92.7,07-03-2025
4be1e667-9cc7-4dbb-8fd5-48d4ec8329a6,36-45,41,57,Female,West,Non-Smoker,Daily,23.4,139.9,FALSE,FALSE,203.1,90.9,05-03-2024
b59371e2-cfbf-41d7-a604-64375a60be10,60+,70,60,Male,East,Non-Smoker,Weekly,22.4,157.4,FALSE,FALSE,251.4,112.5,05-08-2024
8586a2f7-6a79-4661-a687-3e325bb416cc,46-60,53,62,Male,North,Non-Smoker,Never,24.5,157.1,TRUE,TRUE,223.7,140.9,16-07-2025
9c4d3758-105a-4340-a694-7314d7fc57af,46-60,57,73,Male,West,Former Smoker,Weekly,22.5,130.7,FALSE,FALSE,278.6,89,02-03-2025
e89aa613-bf0e-46b3-a19e-449afd696505,36-45,41,99,Male,East,Non-Smoker,Rarely,41.2,149.9,FALSE,TRUE,241.4,96,14-03-2024
2a5c6a21-5f2b-414a-af8e-d5fcc76fa45c,18-25,20,59,Female,East,Non-Smoker,Weekly,19.1,131.3,FALSE,FALSE,189.8,94.4,04-04-2025
cac41cfc-476d-4397-99af-fd68d56385d9,36-45,39,63,Female,East,Non-Smoker,Daily,20.4,130.5,FALSE,FALSE,207,102.5,28-02-2025
a9e972d7-eb96-49c2-aafc-35d49c0f65ce,60+,70,67,Other,West,Non-Smoker,Weekly,19.5,167.8,FALSE,FALSE,214,98.3,11-12-2025
2899f95b-cbb4-4817-90ac-6450ee3b3642,18-25,19,73,Other,North,Non-Smoker,Rarely,27.5,128.7,FALSE,FALSE,199.3,103.3,10-07-2024
c5f96c1e-23db-406a-821f-e89112a301c1,36-45,41,71,Female,North,Former Smoker,Daily,23.4,141.3,TRUE,TRUE,238.4,119.1,07-07-2024
b672efae-bcb9-49b0-8423-1af3cfca3f31,60+,61,85,Female,South,Non-Smoker,Weekly,23.6,155.8,FALSE,FALSE,228.4,80.8,12-01-2024
8ee23a18-5b16-4850-8a8d-4c4fc94016ad,46-60,47,45,Female,East,Non-Smoker,Weekly,17.4,135.1,FALSE,FALSE,190.5,91.8,26-08-2024
e4b08873-219a-42c9-8ea1-f02a40d823bc,46-60,55,45,Female,South,Smoker,Weekly,19.6,133.9,FALSE,TRUE,209.1,99.3,15-08-2025
443faa27-c6f8-4cc1-848a-8c683e5c18b7,18-25,19,62,Male,South,Smoker,Never,28.2,136,FALSE,FALSE,204.5,94.2,28-03-2025
1501e13b-03f2-42f7-a4d4-800e3a81031d,60+,77,82,Male,North,Non-Smoker,Daily,27,169.5,FALSE,TRUE,244.7,95.1,17-01-2025
8f8be1ce-3692-4f60-b963-2633fa43da02,36-45,38,48,Male,West,Non-Smoker,Weekly,21.9,136.3,FALSE,FALSE,230.2,78.7,17-02-2024
bfcd76ca-9cf5-4a87-848e-bc783d6f8a61,46-60,50,45,Female,West,Former Smoker,Daily,16.9,133.9,FALSE,TRUE,186,91.2,12-11-2024
71299374-849b-49c8-ab27-c6d54e87f7d8,26-35,29,75,Female,North,Non-Smoker,Never,25.5,146,FALSE,FALSE,198.6,106.2,27-07-2024
aed44c3a-596a-417d-b8d4-efc32f9237f1,60+,75,71,Male,West,Non-Smoker,Daily,24.9,155,TRUE,FALSE,241.5,145.8,30-06-2025
a6332d08-0a83-44e1-aded-6efa9c336c2c,36-45,39,54,Female,South,Smoker,Weekly,18.4,137.9,FALSE,FALSE,177.2,107,28-04-2024
23660ee9-bd6f-4858-a57a-f90722b8ac83,60+,78,55,Female,East,Former Smoker,Rarely,19.2,156.9,TRUE,FALSE,220.6,122.4,30-07-2025
162ac5ac-fcd6-463d-84b5-a91592565c52,60+,61,55,Male,North,Non-Smoker,Rarely,17,153.4,TRUE,FALSE,202.7,114.8,10-11-2024
b7d31857-2e63-4244-ae37-ab5eadbaed1a,36-45,42,69,Male,East,Smoker,Weekly,27.8,171.4,TRUE,FALSE,214.3,133.8,05-02-2024
127a6b8d-aeb9-4d7d-bb10-a621940d0932,60+,66,60,Female,West,Non-Smoker,Weekly,23.4,160.4,FALSE,FALSE,233.4,109.1,07-04-2025
c1c81ad8-6ef3-4a29-9ea6-2c0d59db55ae,36-45,44,74,Female,East,Non-Smoker,Weekly,29.2,157.2,FALSE,TRUE,218.6,106,07-07-2025
cc4e259d-278b-462b-a72c-378cc1f7fb5b,60+,76,45,Female,West,Smoker,Weekly,14.6,152.1,FALSE,FALSE,224.8,79.6,03-08-2025
132e8cda-f513-48f4-9d52-40ba03cca45a,60+,80,57,Female,West,Non-Smoker,Daily,18.4,146.7,TRUE,TRUE,241.2,121.9,06-02-2025
15341baf-09f4-4c30-8280-89481d59086d,46-60,59,53,Female,South,Non-Smoker,Weekly,18,146.8,FALSE,FALSE,250.7,98.2,16-04-2024
2a53a0cc-284d-4d10-926c-aefc175bbe28,36-45,45,65,Female,West,Smoker,Weekly,20.3,147.4,FALSE,FALSE,254,102.1,08-02-2024
551e5ebe-933d-4102-85c0-dc9e1b6efa6a,60+,77,61,Female,South,Former Smoker,Weekly,25.3,149.4,TRUE,TRUE,207.2,141.4,03-08-2025
62506ad7-afdc-433a-92b9-fe1881b1abf4,26-35,33,78,Female,South,Former Smoker,Rarely,23.1,136.3,FALSE,FALSE,220.9,98.1,28-06-2024
be5a1dab-f843-4f93-883f-18496ef18c30,26-35,32,45,Male,South,Non-Smoker,Never,13.6,134.8,TRUE,FALSE,185.8,122.5,12-01-2024
b163088a-cb0a-4169-9fbc-41e7de84bb3e,60+,79,69,Male,North,Non-Smoker,Weekly,22.7,161.5,FALSE,FALSE,241.4,105.6,04-12-2024
5b034569-b5a2-4492-b6bc-42270dad8f68,60+,79,75,Male,North,Non-Smoker,Daily,22,162.4,FALSE,TRUE,229.3,111.2,16-12-2025
aad6d317-d1c8-4b95-b0d0-11a77e9a4f6b,60+,64,92,Female,West,Non-Smoker,Daily,40.7,165.9,FALSE,FALSE,256.4,115,01-07-2025
5eb3cc1f-5c67-4b1a-8e16-1a49d1427537,60+,79,62,Female,South,Non-Smoker,Never,23.7,154.4,FALSE,TRUE,242.8,105.9,05-05-2024
8333d1a0-75d6-49a1-94a2-3331eeda4aa4,60+,68,72,Female,North,Smoker,Weekly,28.2,157.3,FALSE,TRUE,238.7,103.1,03-03-2024
ff1229f7-375a-49ea-8649-c74367640b73,60+,61,45,Male,South,Non-Smoker,Daily,14.8,134.3,FALSE,FALSE,195,97.9,22-03-2024
1b715ce4-62ce-4ffc-a205-674a9fe35599,60+,72,45,Male,East,Former Smoker,Weekly,18.4,168.4,FALSE,TRUE,222.6,105.9,25-10-2024
ac1d252f-fa1c-42dd-9bfc-ea98a030f8a2,60+,69,79,Male,East,Non-Smoker,Weekly,25.9,156,TRUE,TRUE,240.3,135.3,03-02-2024
52e3ed76-8075-499e-be41-f01ab24d069c,60+,74,68,Male,East,Smoker,Weekly,20.8,157.8,TRUE,FALSE,255.7,134.6,31-08-2025
47333adb-ae65-4b56-88e2-d4300cd67bb9,18-25,20,83,Female,West,Non-Smoker,Weekly,27.4,126.5,FALSE,FALSE,218.2,110.1,18-02-2024
dc4fbe70-75d6-4830-9470-7c0ee9dcf67a,46-60,54,50,Male,South,Non-Smoker,Daily,17.3,170,FALSE,TRUE,201.6,99.9,19-10-2025
cfc4ef70-4a6e-404a-8896-da057833f696,60+,68,75,Male,East,Non-Smoker,Never,30.4,148.7,FALSE,TRUE,247.3,100.5,28-09-2025
7daac9c9-7e4b-40dd-a4e4-4cb28dfd6307,18-25,24,92,Female,North,Smoker,Weekly,36.6,143.7,TRUE,FALSE,249.2,139.3,01-12-2025
fbc52f40-ca95-4e13-9e03-3885f1a6cc35,36-45,38,73,Male,East,Non-Smoker,Rarely,22.7,143.6,FALSE,FALSE,230.9,83.7,26-02-2024
24aea9cd-2375-411b-98b4-ee699f9d286d,26-35,26,72,Female,East,Non-Smoker,Rarely,23.6,140.4,FALSE,FALSE,198.7,84.8,18-04-2024
7eee53cd-d3c2-452e-836c-db52047d9d6c,46-60,56,68,Female,East,Non-Smoker,Weekly,24.5,157.7,FALSE,FALSE,219.3,104.9,31-05-2025
0de3e2b0-f0a2-4047-af72-c2bbb2dffe32,26-35,35,48,Male,West,Non-Smoker,Weekly,18.1,151.8,FALSE,FALSE,202.2,99.4,24-01-2024
91f9e9e1-2c14-4dcd-9590-ab6866c794f2,18-25,21,86,Female,North,Former Smoker,Weekly,39.9,147.9,FALSE,TRUE,202.6,91.3,08-08-2024
d1ea51fb-9f83-4657-81de-6f15791db0d3,36-45,42,60,Female,South,Former Smoker,Weekly,24.6,133.4,FALSE,FALSE,214.5,95.3,10-11-2024
a77bac2a-1a01-49d3-ac7f-2e2f5e5307f4,60+,77,75,Female,North,Former Smoker,Rarely,21.7,154.4,FALSE,FALSE,255.2,97.7,20-10-2024
959a11de-5276-4a72-8029-586559650932,26-35,31,48,Male,South,Non-Smoker,Never,20.2,137.9,FALSE,FALSE,211.4,89.8,10-01-2024
a63b29ec-8db5-4798-ac66-3d230fdc8225,60+,67,53,Female,West,Non-Smoker,Daily,18.6,168.9,FALSE,FALSE,217.7,109.7,07-11-2025
746b8837-5037-4a10-821b-95fe217877c3,60+,75,87,Female,West,Former Smoker,Daily,27.7,147.2,FALSE,TRUE,252.2,113.8,25-04-2025
3e4d9bb6-5f7e-4f2f-8af4-75273dd27fd4,26-35,26,63,Male,West,Non-Smoker,Never,26.4,147.7,FALSE,FALSE,187.6,97,27-12-2025
8c6587b5-0821-473d-8eac-d12b8b699396,36-45,43,87,Male,West,Smoker,Rarely,30.5,153.8,FALSE,FALSE,249.1,97.1,29-09-2025
906df1a8-fb0f-464d-943d-dfadd7ef48c9,60+,70,67,Other,South,Smoker,Rarely,21.5,166,FALSE,FALSE,240.2,88.9,23-09-2024
ae3b2849-94c1-4e37-9117-513adfaf9812,18-25,19,45,Female,East,Non-Smoker,Daily,16.1,126.1,FALSE,FALSE,177.9,104.5,28-03-2024
d46629a7-2011-4edd-9276-c445854a4586,36-45,37,80,Male,South,Former Smoker,Weekly,21,130.7,FALSE,FALSE,202,102.1,30-03-2025
cb9367c9-a39d-4f33-b997-83a5bbdd6f41,36-45,45,60,Female,North,Non-Smoker,Rarely,26.6,152.3,FALSE,FALSE,217.4,93.7,17-09-2025
d6f1fcdf-5c55-40f7-b8f3-964451948fe6,60+,64,77,Male,West,Non-Smoker,Rarely,24.4,158.5,TRUE,FALSE,220.6,138.1,16-06-2025
4543df74-9c87-4f1f-9dc6-6344a8b3aad6,60+,77,68,Male,West,Smoker,Weekly,24.9,172.6,TRUE,FALSE,265.3,132.9,27-05-2024
dc286a1a-cb52-43f5-a4db-5305e86b991a,18-25,24,48,Male,North,Non-Smoker,Daily,15.7,128.9,FALSE,FALSE,178.6,88.1,29-12-2025
c2f38fb3-32d2-462c-866e-1c23b360e4bc,60+,61,70,Male,South,Former Smoker,Weekly,23.8,145.5,TRUE,FALSE,263.3,134.4,06-03-2025
fbbfcec6-3a82-4530-a6b2-2462494aa2bc,60+,78,97,Male,East,Non-Smoker,Weekly,38,153.8,FALSE,TRUE,289.8,105.5,29-08-2024
cb141b5e-aed2-40de-98c1-dbcdff773b61,18-25,25,74,Male,East,Non-Smoker,Weekly,25.8,143.4,FALSE,FALSE,184.6,93.3,02-12-2025
4aa46075-4856-46ce-a0ea-a31fad97523e,60+,64,67,Female,North,Former Smoker,Never,30.4,160.4,FALSE,FALSE,245,107.5,06-03-2024
cdd5dd6c-0ce6-4ec3-8cb6-bfdedbee1f49,46-60,52,82,Male,East,Non-Smoker,Weekly,27.4,140.5,FALSE,FALSE,212.1,97.4,12-01-2025
06cbf402-0b6b-436f-9341-840175bdf7c7,26-35,31,71,Male,South,Non-Smoker,Rarely,24.6,133.1,FALSE,FALSE,198.6,103.8,22-01-2025
af0d328c-2438-4310-96c1-ab8df3f7c7ab,26-35,34,71,Female,South,Non-Smoker,Daily,23.6,134.4,FALSE,FALSE,245.9,115.8,27-07-2024
9f71f33a-51bb-4312-a0fe-b750e2dcd04f,46-60,53,54,Male,North,Non-Smoker,Rarely,17.1,129.6,FALSE,FALSE,204.2,89.4,18-02-2025
8565f8b3-6f4e-4798-a6bd-148fa097241b,60+,67,71,Female,South,Non-Smoker,Never,24.4,146.7,FALSE,FALSE,239.1,86.8,16-01-2024
1b72fe6d-ea28-428f-927e-903e023dc4f6,46-60,57,81,Male,West,Non-Smoker,Daily,28.5,142,TRUE,TRUE,241.3,111.9,23-10-2024
ccf0347e-edc1-4a76-822c-f4648ba0caed,18-25,21,57,Male,North,Non-Smoker,Daily,22.8,128.6,TRUE,FALSE,174.9,120.8,07-08-2024
2d10b026-1c25-459c-a92a-b2acae8467c5,18-25,19,87,Male,South,Non-Smoker,Weekly,34,132,FALSE,FALSE,193.1,93.5,01-01-2025
ab40626e-9267-401f-b2d2-5f6f11f2591a,60+,79,67,Male,North,Former Smoker,Daily,20.9,142.5,FALSE,FALSE,216.5,105.8,16-08-2024
94659b14-5fc0-42ad-80dd-63d8ae666491,18-25,23,56,Male,East,Non-Smoker,Rarely,17,147.6,FALSE,FALSE,170,92.8,22-09-2025
8ca7318d-a6fa-42de-9c18-e2e86e266739,60+,71,81,Male,South,Smoker,Never,29.9,175.7,TRUE,TRUE,198.1,119.2,15-03-2025
30ff5ec0-8f5d-4757-bdc5-c6a9578be56f,46-60,59,64,Male,West,Non-Smoker,Weekly,22.8,142.4,FALSE,FALSE,234.3,83,20-11-2025
82739929-2cd7-462c-bd20-c72c50c02d9f,18-25,21,78,Male,South,Non-Smoker,Weekly,31.3,140.2,FALSE,FALSE,248.8,102,15-06-2025
5b5fa6c0-3427-4380-838d-4bc0bb6e4bd1,60+,71,64,Male,North,Non-Smoker,Weekly,20,156.7,FALSE,TRUE,231.2,103.1,25-03-2025
b720a296-9dc9-4ae2-b199-dd2f033464e5,46-60,46,67,Male,North,Former Smoker,Rarely,22.2,153.8,FALSE,FALSE,189.5,94.2,05-02-2024
22d43d10-7908-48f3-99ec-df9e2d812285,60+,80,74,Male,South,Former Smoker,Daily,21.3,150.5,TRUE,FALSE,229.1,115.5,25-02-2025
f4a3cb84-2dcc-4ec5-a3b9-941c44adfb7a,26-35,35,72,Female,West,Non-Smoker,Weekly,28.8,152.3,FALSE,FALSE,205.3,104.9,11-09-2025
621979ba-b8bd-464f-bdd4-7d1b37a0335a,36-45,43,45,Female,West,Former Smoker,Weekly,16.9,133.4,FALSE,FALSE,187.2,107.8,07-07-2024
d3397680-d3b2-4439-a191-cced78b7ed62,60+,61,53,Male,West,Smoker,Weekly,18.5,140.5,FALSE,FALSE,247.7,101.9,26-06-2024
2e518b50-def3-4de0-b7c6-df0c9dcc3ba2,46-60,51,80,Female,North,Non-Smoker,Daily,26.6,154.8,FALSE,TRUE,239.4,93.3,30-08-2025
933396df-792d-429f-82e9-aaf180358b48,26-35,27,66,Female,South,Non-Smoker,Rarely,24.3,147.6,FALSE,FALSE,178.6,96.7,10-11-2024
79f18b6b-2541-4af8-a078-07f2b5e3995d,60+,79,61,Male,East,Former Smoker,Daily,24.4,182.7,TRUE,FALSE,260.4,120,20-01-2024
c5dd3936-2b3f-4cbc-acf8-413f55df2075,46-60,53,50,Female,North,Non-Smoker,Daily,16.2,131.6,FALSE,FALSE,239.6,107,06-11-2025
46ca426d-1ffd-4b2a-81ce-113516e7b7a2,26-35,31,54,Female,West,Smoker,Rarely,17.8,144.8,FALSE,FALSE,245,94.2,16-01-2025
1f515321-34ff-4f56-93c5-4d0acd0ab833,46-60,48,45,Male,South,Non-Smoker,Rarely,18.1,137.7,FALSE,TRUE,265.5,78.9,31-08-2025
a9ba1d93-0f5a-4fdc-80ce-ac49d98cf450,60+,65,67,Male,West,Non-Smoker,Daily,20.6,157.7,FALSE,FALSE,206.6,98,22-05-2024
7393c429-00be-41fc-914f-355bc1635034,26-35,32,60,Female,East,Smoker,Daily,18.8,126.4,FALSE,FALSE,265.7,98.7,02-03-2024
a2c7dead-728e-4b7d-b027-c321a135d875,18-25,25,55,Female,West,Former Smoker,Daily,19.4,120.5,FALSE,FALSE,190.8,89.8,29-08-2024
0288c1db-51f0-447e-89bf-a0a14ec8b839,26-35,31,67,Male,West,Former Smoker,Weekly,23.8,130.4,FALSE,FALSE,197.1,93.9,25-08-2024
8a16ace7-bd7a-4ad9-bff5-6f5ca265be81,36-45,40,73,Male,East,Non-Smoker,Daily,24.5,142.6,FALSE,FALSE,218.3,86.4,10-05-2024
121a5408-4ed4-4ebd-93a5-c28f60ba5196,60+,77,95,Male,South,Former Smoker,Daily,37.9,161.5,TRUE,TRUE,253,146.4,27-08-2025
fe7b3f0e-4718-4ce7-96d3-3fe24d1137e9,60+,74,48,Female,North,Non-Smoker,Weekly,17.1,158.3,FALSE,TRUE,234.1,94.2,25-08-2025
f0287c7e-5fb2-4795-a879-8b716f8b8c3f,60+,79,83,Female,South,Former Smoker,Rarely,39.2,178.3,TRUE,TRUE,241.6,120.2,06-10-2025
dc001262-04dc-4a5e-9350-864c646cec22,46-60,57,81,Male,East,Non-Smoker,Weekly,26.2,156.1,FALSE,FALSE,222.3,99,02-05-2024
ac05ff96-03a7-4abc-a967-1b8eab2e900f,36-45,38,58,Male,West,Non-Smoker,Rarely,25.3,156.1,FALSE,FALSE,237.2,108.6,15-03-2025
c905da3c-9bfe-441a-a9e4-5d0828573ee6,26-35,33,71,Female,South,Smoker,Daily,21.4,145.5,FALSE,FALSE,212.7,91.8,07-12-2024
f34b5cf7-5567-4016-aa20-347e23951033,60+,62,62,Male,North,Former Smoker,Never,23.1,140,FALSE,TRUE,234,119.2,22-02-2025
430cac4a-901d-4278-8465-e6c35463d675,26-35,35,70,Male,East,Non-Smoker,Rarely,25.7,152.7,FALSE,FALSE,219.3,102.7,21-09-2025
75fc2ce1-50e8-4644-ac3f-357ab0ec80b1,60+,64,88,Female,South,Smoker,Rarely,34.1,158.5,FALSE,FALSE,279.6,111.7,30-03-2025
000ebad8-8d93-4438-b0ed-48d6eadc9194,60+,70,76,Female,North,Smoker,Rarely,28.2,171,FALSE,FALSE,218.7,104.8,16-07-2024
7a9cbb4e-8cf9-4d67-8ecf-77ba060a9925,36-45,41,75,Female,East,Non-Smoker,Never,22.8,155.4,FALSE,FALSE,221.6,97.2,08-10-2024
a199ad72-d08f-4760-86c2-482095034cfc,36-45,43,62,Female,North,Non-Smoker,Weekly,29.5,150.6,FALSE,FALSE,216.1,99.3,01-01-2024
57b27ef8-0fc8-4c4f-bbd7-46734ae8690e,36-45,42,49,Male,East,Non-Smoker,Daily,15.2,123.3,FALSE,FALSE,202.6,90.9,23-12-2025
38c9096c-0bca-438b-b595-d0a3a9abaee6,60+,77,65,Male,West,Former Smoker,Weekly,22.4,148.9,TRUE,FALSE,262.5,137.5,27-11-2024
f2b22f35-b71c-43a3-95fb-f4fb3ade2b06,60+,77,84,Female,South,Smoker,Rarely,35,182.3,FALSE,TRUE,243.4,101.8,30-07-2024
104824bd-2513-406c-8793-eae311f43fe7,60+,77,48,Male,North,Non-Smoker,Rarely,19.7,153.9,TRUE,FALSE,212,119.9,27-03-2024
9f0bd691-25fa-48a6-a3b8-5d7a655ef7a1,60+,62,54,Male,East,Non-Smoker,Weekly,16,147,FALSE,FALSE,176.8,86.7,26-10-2025
82d5f8f9-bf1f-4b08-849b-8f8895d2a9cb,46-60,58,70,Male,North,Former Smoker,Daily,28.2,159.3,FALSE,TRUE,224.8,124.4,29-11-2025
24b649d1-4f51-47d7-baa6-74f3b571fe28,46-60,46,55,Male,North,Former Smoker,Weekly,22.8,149.8,FALSE,FALSE,245.3,104.1,01-03-2024
b1a602db-facb-4d77-ad61-e289b5da2e04,26-35,32,58,Male,South,Non-Smoker,Never,18.2,136.7,FALSE,FALSE,193.9,96.8,04-04-2024
e5fde3b2-d7ce-4735-b114-fae52072869a,60+,62,62,Male,West,Non-Smoker,Weekly,21.4,147.9,TRUE,FALSE,196.8,118.4,06-07-2025
dbe8232c-c61c-4c88-9427-e8c4a858f892,18-25,18,50,Male,North,Non-Smoker,Weekly,20.1,126.4,FALSE,FALSE,178.9,98.5,26-05-2024
6edd37c2-9dec-4764-9dda-de7f3deb4b1a,36-45,42,55,Male,East,Non-Smoker,Weekly,19.2,147.1,FALSE,FALSE,175.5,95,02-09-2024
5f44d67c-581e-4cb2-be33-857191de0ce7,18-25,24,77,Female,East,Former Smoker,Weekly,31.3,144.1,FALSE,FALSE,192.4,101.7,05-10-2025
6e5d2d26-2e35-48c6-9d2d-c397603f63a0,26-35,26,51,Female,West,Non-Smoker,Rarely,16.1,127.8,FALSE,FALSE,196.4,81.8,23-10-2024
f3ab348a-c4d7-4332-ba15-6825b156b4a6,36-45,41,47,Female,East,Non-Smoker,Rarely,14.9,145.9,FALSE,TRUE,174.6,95.2,02-05-2024
8d333d9f-ae4f-4efd-94c1-666bfdfc0fde,18-25,18,60,Female,West,Non-Smoker,Rarely,20.2,128.1,FALSE,FALSE,211.1,88.1,16-10-2025
0e9f255f-749e-4d87-99b8-aa757fcf4276,60+,61,78,Female,East,Former Smoker,Weekly,26.8,145.2,TRUE,FALSE,234.5,124.1,24-11-2025
177aa96a-c61b-493e-a95a-91f285f6eefd,18-25,25,65,Male,South,Non-Smoker,Weekly,19.1,124.8,FALSE,FALSE,194.1,100.3,04-12-2025
8b81deb6-0ef8-42b0-8a7b-858618d23e7f,36-45,41,62,Female,North,Smoker,Daily,22.2,137.1,TRUE,FALSE,215.5,110.2,31-03-2025
9f2bd0c8-b4d2-4adc-a04c-30cc8b6312d5,60+,80,69,Female,South,Non-Smoker,Rarely,28.7,160.2,FALSE,FALSE,263.5,113.8,02-02-2025
924ec302-b7be-48e5-80bd-873906ae1806,26-35,28,45,Female,North,Former Smoker,Weekly,15.3,141.6,FALSE,FALSE,209.6,98.3,19-12-2025
463481ab-6451-4309-aae4-fc75adca5f1f,60+,68,74,Male,North,Smoker,Weekly,21,150,FALSE,TRUE,246.2,93,18-08-2024
c08ec492-630f-45c5-9bdd-eabe42d5e95f,26-35,34,73,Male,North,Non-Smoker,Weekly,29.7,144.3,FALSE,FALSE,226.3,92.3,17-06-2025
5d7f63d7-6ad3-46bf-aad1-4f68f5828402,18-25,25,63,Male,South,Smoker,Never,23.6,133.7,FALSE,FALSE,206.9,93.2,05-02-2025
12514fa5-3cb6-4121-9859-ef84c2284520,46-60,52,81,Male,North,Non-Smoker,Daily,27.6,147,FALSE,TRUE,236.2,105.4,14-08-2025
2b557c5d-27f9-4255-b7ac-d085795bf756,46-60,52,53,Female,South,Non-Smoker,Rarely,19.1,130.2,FALSE,FALSE,205.9,96.3,09-05-2024
459716c7-f91e-44c2-ad51-6a77fe66777f,46-60,50,83,Female,West,Non-Smoker,Weekly,33.6,150.4,TRUE,FALSE,232.9,137.8,18-10-2024
e87de604-7128-4d66-a003-18395f92f71c,60+,76,70,Male,East,Non-Smoker,Weekly,22,154.8,FALSE,TRUE,229.5,121.4,02-10-2024
a32b7c77-c482-452f-91f3-5fb3abc9beb9,18-25,22,64,Other,East,Non-Smoker,Daily,17.7,134.3,FALSE,FALSE,178.9,86.6,10-01-2025
95155a73-bf75-4d29-9375-42c4a6198641,46-60,59,68,Female,North,Non-Smoker,Weekly,23.8,152,FALSE,FALSE,211.2,84.6,24-02-2024
033442a4-1308-4125-a23b-a5d38e6042d7,46-60,56,67,Male,South,Former Smoker,Weekly,26.9,139.9,FALSE,FALSE,241.7,111.1,31-07-2025
d6d90344-2b4f-46c6-9ff3-556edd43496b,60+,75,84,Male,East,Non-Smoker,Daily,36.6,175.3,TRUE,FALSE,282.4,156.5,26-01-2024
8cae7a4b-e1c4-4c8a-8fbc-2cbfec68f5a4,46-60,58,54,Male,South,Former Smoker,Weekly,18.8,148.2,FALSE,FALSE,245.1,102.7,16-03-2025
ea18174e-c7d1-4a16-bcdb-e0eb8ca0973a,36-45,45,58,Male,South,Non-Smoker,Never,18.3,141.9,FALSE,FALSE,181.1,85.3,15-07-2024
72179e6d-a049-47e8-851f-3d66f457539b,18-25,24,81,Male,North,Smoker,Daily,27.5,141.6,FALSE,FALSE,242,96.2,03-10-2025
2335b571-559f-4863-8708-a7ac1912963f,26-35,26,60,Male,East,Non-Smoker,Rarely,21.5,129,FALSE,TRUE,190.4,83.3,30-08-2024
dd08ff72-600f-4a27-aeee-529d41554a78,18-25,25,80,Male,North,Non-Smoker,Weekly,30.8,141.2,FALSE,FALSE,222,105.9,24-12-2025
c6418d1d-2cee-43f8-9175-29972ebd2dc6,26-35,29,90,Male,North,Non-Smoker,Rarely,36.9,149.3,FALSE,FALSE,204,90,08-07-2024
f43d3fec-df04-49ee-9217-06eae44bea58,46-60,51,63,Female,East,Smoker,Weekly,20.5,133.6,FALSE,FALSE,228.8,95.5,21-07-2025
3f24cb98-c2b9-4e6a-a86e-5e28af15a909,46-60,50,77,Male,East,Smoker,Daily,24.8,146.8,FALSE,FALSE,238,90.6,20-07-2025
e5efefed-41e2-4b70-b9a6-5c3b39618068,60+,65,53,Female,West,Former Smoker,Daily,23.1,150,FALSE,FALSE,203.7,103.7,02-10-2024
dff2053b-9682-42cc-83bc-464d3b3ceb24,60+,72,78,Male,West,Non-Smoker,Daily,23.3,157.9,FALSE,TRUE,246.1,100.1,12-02-2025
649e407c-0d70-4877-b9e5-aa76f1277a6d,36-45,40,71,Other,South,Former Smoker,Daily,23.8,152.2,FALSE,FALSE,242.6,100.1,05-12-2024
57d581f5-52f7-40e5-bc91-fb4d82b9f0e3,60+,79,74,Male,East,Non-Smoker,Rarely,22.6,151.3,TRUE,TRUE,234.7,132.9,01-06-2024
5afb5c92-95c1-407b-a4ad-4d97980eb7d5,36-45,41,60,Male,West,Non-Smoker,Rarely,25.4,138.5,FALSE,FALSE,241.1,89.5,18-07-2025
19a65449-fdf6-4a14-896b-5b5d597fc33a,46-60,54,46,Other,South,Non-Smoker,Rarely,19.6,140.4,TRUE,FALSE,211.1,132.8,01-02-2025
134978dc-6d2b-4a22-83b2-7ef6ebebb03f,46-60,52,75,Female,South,Non-Smoker,Rarely,27.4,142,FALSE,FALSE,242.1,101.9,19-03-2025
e5fe80b3-88be-4d79-97b9-d285ea110d26,60+,61,45,Female,South,Non-Smoker,Daily,15.2,142.2,TRUE,TRUE,169.2,115.5,14-09-2025
689f0236-d81f-4a9e-b56b-b18c48ad9b61,46-60,57,64,Male,West,Non-Smoker,Weekly,18.7,152.7,FALSE,FALSE,264.2,121,02-03-2025
eec113e3-3e50-4547-ab46-9905063c5677,36-45,39,80,Male,East,Smoker,Weekly,26.4,138.2,FALSE,TRUE,255.8,104.3,01-05-2025
8d719157-8b03-4859-98a2-ce6e15026b1f,36-45,44,70,Female,North,Non-Smoker,Daily,25.8,148.4,TRUE,FALSE,211,126.6,22-07-2024
03b50e57-4f2e-4f33-8a71-4356bcb4ac87,46-60,52,93,Female,South,Non-Smoker,Weekly,37.9,140.7,FALSE,FALSE,201.4,122.4,21-04-2024
aca49540-ffb3-48b4-b27e-942cd009b4db,18-25,18,81,Female,West,Former Smoker,Weekly,25.2,127.4,FALSE,FALSE,207.1,113.5,20-11-2024
a2a51522-3ead-4743-a05f-5a779b5db92f,46-60,52,59,Female,West,Former Smoker,Weekly,23.8,143.9,TRUE,FALSE,195.8,127,14-09-2024
c73a889f-c14e-4320-b07c-9f1fb2a0f806,46-60,54,68,Male,North,Non-Smoker,Weekly,20.2,160.5,FALSE,FALSE,224.7,102.3,11-06-2025
2ca6e6ec-8bbc-4ad2-9ebc-0228039e709a,60+,64,67,Female,North,Non-Smoker,Rarely,24.9,150.5,FALSE,FALSE,238.6,93.3,15-12-2024
60d2eeb8-eb2d-4a9e-a450-339844f37514,26-35,31,47,Male,West,Non-Smoker,Rarely,14,111.2,FALSE,FALSE,170.4,89.8,08-11-2025
f82a90fc-b387-4045-a191-37c5ffcb3933,18-25,20,56,Male,East,Non-Smoker,Weekly,18.5,111,FALSE,FALSE,210.2,89.8,10-03-2025
5bd5a6a8-19a0-47fd-827c-79af38ac1b20,18-25,18,61,Male,North,Former Smoker,Never,22.2,130.8,FALSE,FALSE,212.9,95.3,01-03-2025
fe00ab6a-a84a-430e-abc0-3e6769291fcd,18-25,22,45,Female,West,Non-Smoker,Never,17.2,134.6,FALSE,FALSE,206.8,94.7,06-10-2024
84e37e7b-df87-4da6-b930-129b4cc18ac9,36-45,43,69,Male,North,Non-Smoker,Weekly,25.8,147.5,TRUE,FALSE,216.1,133.5,05-01-2025
b4aab3de-92ac-4625-993f-ded605a7430c,60+,72,65,Male,East,Smoker,Weekly,22.2,161.3,FALSE,TRUE,216,105.5,31-10-2025
8f5d2a07-c8c7-4c38-9603-2055811e3252,60+,80,46,Female,South,Non-Smoker,Weekly,16.3,165.1,FALSE,TRUE,249,89.3,05-09-2024
a2d7069b-4455-4013-85a9-efe7563849de,26-35,31,73,Male,North,Non-Smoker,Never,28.1,135.4,FALSE,TRUE,205,89.7,29-06-2024
c7c74a3b-0b13-4ffb-9d58-a5a472118f2c,46-60,56,77,Female,East,Former Smoker,Rarely,28.2,159.6,TRUE,TRUE,206.5,126.1,03-12-2025
07ceaaa5-55e8-4599-b424-e44e348eb935,36-45,44,71,Male,West,Non-Smoker,Daily,25.2,129.5,FALSE,FALSE,242.8,97,12-10-2025
02eeadbe-90af-4810-aa52-8077ef82e876,26-35,26,64,Female,North,Non-Smoker,Weekly,30.1,131.1,FALSE,TRUE,251.6,109.7,18-03-2024
aa6b0617-dfd6-451e-b341-ef389c54fea4,26-35,32,76,Female,North,Former Smoker,Weekly,25.8,122.9,FALSE,FALSE,211.9,86.3,01-12-2024
4ad785f8-df8b-48f4-81a4-d7afc70d11c9,26-35,32,77,Male,West,Smoker,Weekly,31.2,145.2,FALSE,FALSE,271,97.3,19-02-2024
8f7db580-6f3c-4f43-902e-b13f067614e9,36-45,43,72,Male,South,Non-Smoker,Daily,29.8,146.3,FALSE,TRUE,223.8,111.7,25-03-2024
9b94c5c5-2e10-4551-9cd6-fc72871171a0,46-60,59,57,Male,West,Smoker,Rarely,25.3,157,FALSE,FALSE,231.6,99.5,25-11-2025
cc86e275-b8e8-4a0a-81a1-8b2dd5c1c2dc,60+,77,72,Male,North,Non-Smoker,Rarely,32.4,164.3,FALSE,TRUE,238.7,114.3,25-11-2025
691cc3ad-9f4d-43cd-8e68-11ab956e43cf,26-35,30,84,Other,West,Former Smoker,Rarely,35.7,136.4,FALSE,FALSE,258.8,101.6,04-01-2024
a3efc7e0-b9cc-4dce-bba5-00efb1a221a3,60+,68,60,Male,East,Non-Smoker,Rarely,23.5,152.2,FALSE,FALSE,215.6,105.7,12-11-2024
59383317-163d-4273-a095-50f82bcc0368,60+,80,95,Female,West,Former Smoker,Rarely,27.3,148.3,FALSE,TRUE,265.7,105.1,20-04-2024
268ad1d3-5cd9-4cab-a5f5-fc7e3ff81532,46-60,49,61,Male,North,Non-Smoker,Weekly,23.3,157.5,FALSE,FALSE,205.5,106.3,29-11-2024
bd7d2e20-0bf0-4e51-982d-1269cc8f31f5,46-60,56,68,Female,West,Former Smoker,Weekly,23.9,146,FALSE,FALSE,218.6,85.8,12-05-2024
d82c7992-c353-4408-9e66-30e96117467d,60+,66,59,Female,South,Non-Smoker,Daily,20.2,146.4,FALSE,FALSE,245.4,97.4,03-09-2025
d2208dae-c1be-42a3-80fe-f9a1eeb73f81,60+,69,71,Female,West,Former Smoker,Rarely,25.1,169.7,TRUE,TRUE,231.8,135.2,14-11-2025
646369b8-2715-4b2e-af21-c18cbea27d18,60+,78,45,Male,South,Smoker,Daily,16.3,147.5,FALSE,FALSE,231.9,106.3,28-04-2024
44df042f-a44d-4a1f-9519-6efd8aa53965,46-60,49,61,Male,East,Former Smoker,Rarely,25.4,136.4,FALSE,FALSE,247.5,115.7,15-12-2024
a3ecf437-48ef-4920-8dff-61587ab6f8e8,18-25,21,54,Male,South,Non-Smoker,Daily,16.4,118.2,FALSE,FALSE,217.3,86.9,17-11-2025
5faa1104-f33d-440d-a0df-cb32b7a9d8fa,46-60,47,70,Female,West,Non-Smoker,Daily,20.4,141.8,FALSE,FALSE,223.7,112.5,25-06-2025
2aa95bcf-5688-46d8-afba-b950fa936759,46-60,54,81,Female,North,Former Smoker,Daily,35.9,159.5,TRUE,TRUE,231.3,128.9,24-02-2024
084d5877-8f1b-436e-9145-f35c7ed4c2ef,36-45,40,76,Other,South,Non-Smoker,Daily,30.9,152.7,TRUE,FALSE,211.1,143.5,26-12-2024
b8cdc3c8-f98c-46b8-9c1c-9e6495bd361b,46-60,56,45,Male,East,Former Smoker,Rarely,16.7,167.2,FALSE,FALSE,218.6,105.4,08-12-2025
65431060-5126-453e-8e39-02b3ae23d420,60+,62,95,Female,South,Smoker,Rarely,38.4,145.6,TRUE,FALSE,267.5,129.1,28-03-2025
344fd2d2-a739-407f-a19d-982853b9531d,26-35,32,72,Female,South,Non-Smoker,Weekly,24.3,143.7,FALSE,FALSE,185.7,100.2,06-07-2025
92ff1858-4616-45a8-989b-8b1c3868d06f,46-60,60,58,Male,South,Non-Smoker,Daily,22.7,144.7,FALSE,FALSE,238.5,100.8,15-11-2025
43004ae4-5d97-402b-b677-7c2995bd97de,46-60,46,70,Male,East,Smoker,Daily,19.7,141.2,FALSE,FALSE,222.8,103.4,25-11-2024
8c5da11b-0f43-4e14-b22b-a33c8e29f1a0,46-60,53,70,Female,West,Non-Smoker,Daily,21.9,140.5,FALSE,TRUE,183.3,97.4,06-08-2024
d333f86d-06dd-4e27-b11f-b57401ad5f97,26-35,30,59,Female,South,Smoker,Daily,20.6,131.7,FALSE,FALSE,191.8,91.7,26-07-2024
b9c90fbc-484b-4ad8-a9f6-ac5b739335dd,46-60,49,71,Female,South,Non-Smoker,Rarely,22.6,159.9,FALSE,FALSE,205.6,112.9,31-10-2025
ff7bce51-cba8-4361-8ee3-1e0c6d5aa601,18-25,24,60,Male,North,Non-Smoker,Daily,18.9,138.7,FALSE,FALSE,189.9,91.7,25-03-2024
ff8eac40-8136-41dc-8f90-e559c2dee824,60+,76,63,Female,East,Non-Smoker,Weekly,24.2,158.1,FALSE,TRUE,276.1,113.3,15-11-2025
67faa59b-9eeb-4f69-847c-1ed632208cb7,60+,68,59,Male,South,Non-Smoker,Daily,23.4,166,FALSE,FALSE,235.9,100.9,01-09-2024
cf09680a-36c2-41d9-868b-eefb1d2a1c45,36-45,39,49,Male,East,Non-Smoker,Daily,17.4,123.2,FALSE,TRUE,183.5,111.3,15-11-2025
04aa4ea6-b992-445b-803e-c17b35ba518a,36-45,45,70,Male,South,Non-Smoker,Weekly,22.7,131,FALSE,FALSE,217.2,91.8,30-11-2024
79e58dce-c6e8-43e1-a2d5-c146872a97de,18-25,19,76,Female,West,Smoker,Weekly,26.8,119.4,TRUE,FALSE,204.4,118,30-07-2024
f4d96704-0658-4aaa-807f-772d184eed4d,46-60,59,75,Female,West,Former Smoker,Daily,32.8,149.6,FALSE,FALSE,249.9,121.9,18-08-2025
7e355057-bc35-4642-8a79-3e31d2f39f6e,60+,62,79,Female,South,Former Smoker,Daily,31.3,157.7,TRUE,FALSE,255.1,129.9,15-11-2025
131b6000-2422-42d8-a1c9-f454655790db,60+,79,72,Male,West,Non-Smoker,Weekly,26,161.4,TRUE,FALSE,267.4,150.5,01-07-2024
c50c52d3-865b-4882-9cac-69c9d549f571,60+,74,61,Female,South,Non-Smoker,Daily,22.1,157,TRUE,FALSE,233.2,140.4,12-05-2024
e86528de-1756-4962-b438-8016da5ac0cf,60+,70,79,Male,West,Former Smoker,Daily,22.7,141.6,FALSE,TRUE,269.3,101.5,15-12-2024
e3b4088d-e81a-4b35-aa2a-213193be565c,18-25,23,50,Female,North,Non-Smoker,Never,21.3,139.4,FALSE,FALSE,212.4,75.7,08-10-2024
6526005e-eb54-444a-819b-c7dccfcf44a4,36-45,45,56,Male,North,Smoker,Weekly,18.9,147.7,FALSE,FALSE,205,96.3,19-10-2024
a30176f3-4aa3-41d6-aaf0-edd7ab98d672,36-45,45,55,Male,North,Non-Smoker,Weekly,16.6,145.6,FALSE,FALSE,247.8,96.2,25-09-2024
427643b7-4482-46c6-9cab-7585ce0336fa,60+,61,82,Male,East,Non-Smoker,Weekly,22.8,133.2,FALSE,FALSE,231.5,113.2,15-07-2024
08682b5b-e31e-4c0f-bf97-99eba75ac9cd,60+,61,80,Male,East,Smoker,Weekly,30.1,162.8,TRUE,TRUE,231.2,149.4,20-06-2025
d722614a-12f6-45f9-a093-6968a58fbadd,36-45,37,74,Female,North,Non-Smoker,Weekly,25,130.2,FALSE,FALSE,243.3,91.6,14-10-2025
571e5aec-d1f6-496a-b4b7-b6857371369a,46-60,47,82,Female,East,Former Smoker,Rarely,27.5,143.4,FALSE,TRUE,268.1,109.6,20-01-2024
21f93da3-3db9-4755-acd2-81e5fa47daaf,60+,79,57,Male,West,Former Smoker,Rarely,20,161.4,FALSE,FALSE,238.6,110.9,13-12-2025
6010629b-6a5b-4367-8a30-683e0dd94a07,26-35,28,73,Female,South,Non-Smoker,Daily,26.5,138.6,FALSE,FALSE,195.7,108.3,08-02-2025
cb802fe4-acbc-4e25-95b2-33bd764f266b,60+,75,66,Male,South,Smoker,Weekly,22.5,153.7,FALSE,FALSE,243.6,108.9,24-04-2024
595c33de-5577-46e8-ba05-7b106e2fedbe,60+,72,79,Female,South,Former Smoker,Weekly,37.6,164.9,TRUE,TRUE,274.7,120.2,01-12-2025
1eeeb3ea-3a2f-4239-9ac2-67c6388e55bb,36-45,45,67,Female,North,Non-Smoker,Rarely,22.2,128.9,FALSE,FALSE,237.6,96.8,26-01-2024
b390250a-210d-4589-8529-1e9244accec5,36-45,42,63,Female,East,Smoker,Weekly,22.3,156.7,TRUE,FALSE,233.4,114.3,19-07-2025
725d820e-37af-41eb-bc01-129dad59aa62,46-60,56,75,Male,West,Smoker,Weekly,27.6,154.3,FALSE,TRUE,242.4,101.2,12-11-2025
4217f221-87f7-4410-8e52-985c03b64f0a,60+,79,79,Female,West,Former Smoker,Daily,22.5,168.2,FALSE,FALSE,273,114.4,29-01-2025
a87f261e-1e58-491e-8bb8-4f487c31c79b,46-60,50,59,Female,North,Non-Smoker,Weekly,23,140.7,FALSE,TRUE,210.7,102.7,15-01-2025
d37c6894-43cb-47b7-9f07-5db67835ec97,18-25,18,67,Male,West,Former Smoker,Daily,25.2,127.8,FALSE,FALSE,221.9,106.6,06-06-2025
b4f013ab-aa66-4a96-a3c4-31d7ed5cad38,60+,74,54,Male,West,Former Smoker,Weekly,15.5,144.5,FALSE,FALSE,223,103.3,22-06-2025
5a314faa-7f28-4ce0-9bc8-41011b7216d2,36-45,44,45,Female,West,Non-Smoker,Daily,17.9,147.3,FALSE,FALSE,213.5,82.8,23-03-2024
e1bb7d6e-2ccb-4c69-933a-355730c50702,60+,79,71,Female,West,Non-Smoker,Rarely,27.2,154.8,FALSE,TRUE,242.8,82,03-07-2025
93e01c3b-6a83-46ec-9403-d9a2d8f43e0b,60+,74,76,Female,East,Non-Smoker,Daily,27.7,165.1,FALSE,FALSE,240.9,108,20-03-2025
1e3039a7-c105-427e-a127-7a917df3dc94,60+,69,71,Female,West,Non-Smoker,Weekly,23.1,150.6,FALSE,TRUE,223.9,101,27-03-2024
a2fe9f8f-f5cf-4c8d-9909-b187471a6a56,26-35,30,45,Female,South,Non-Smoker,Rarely,15.7,113.9,FALSE,FALSE,217.9,82.3,21-01-2025
45249854-c959-4a53-a4a8-d775596e328c,46-60,58,63,Male,North,Non-Smoker,Daily,26.5,146.2,FALSE,FALSE,213.6,86,29-10-2025
2f85e826-1286-436d-b8a6-74ef1b3a8bdf,18-25,20,45,Male,East,Non-Smoker,Weekly,17.2,117.6,FALSE,FALSE,171,83.7,01-02-2025
12686a88-8c05-459c-9754-fbe428088477,46-60,56,86,Male,West,Former Smoker,Weekly,33.2,155.1,FALSE,FALSE,284.2,104.4,12-10-2024
136ff648-f5c9-4f37-8f03-691b721332e6,18-25,23,54,Female,East,Non-Smoker,Daily,19.5,120.3,FALSE,FALSE,211.1,99.5,28-11-2025
d380c953-cbc0-4b22-b16d-50448b6a858f,18-25,25,84,Male,West,Non-Smoker,Rarely,28.6,146.2,FALSE,FALSE,158.9,100.1,24-11-2025
9916fd1b-1902-4528-ab6b-b166e330e0a7,36-45,44,80,Female,South,Non-Smoker,Daily,27.3,144.7,FALSE,FALSE,207.6,117,03-01-2025
a8543a7e-99f2-4eb6-8d62-9bf5c771b20c,26-35,26,56,Female,North,Non-Smoker,Weekly,25.1,134.4,FALSE,FALSE,165.9,86.1,16-10-2025
b84798e9-9b53-40c4-8ced-84194979098c,60+,79,53,Female,West,Non-Smoker,Weekly,16.8,160.4,TRUE,FALSE,210.4,138.3,25-02-2025
c751e6ec-9669-4e9c-a701-e399de0919a8,46-60,54,73,Male,West,Non-Smoker,Weekly,25.4,157.5,FALSE,FALSE,160.8,102.2,18-12-2025
ed033209-9905-4b54-8e33-40c809832e94,46-60,50,57,Female,West,Non-Smoker,Rarely,17.4,141.6,FALSE,TRUE,205.9,103.5,15-10-2025
95ba0e02-18d9-4cab-b35f-dd8c6ea6de0b,60+,68,69,Male,West,Smoker,Weekly,23.5,151.9,FALSE,FALSE,220.4,98.8,27-11-2025
9ef995e1-1553-4c24-9866-07c7e3a54394,46-60,59,62,Female,North,Non-Smoker,Daily,19.6,131.3,FALSE,FALSE,219.8,110.1,18-03-2025
8d8eb3f1-f3f3-4a31-8215-8f0be28e6d9d,60+,61,45,Male,North,Non-Smoker,Rarely,15.3,139.2,TRUE,TRUE,181.2,128.3,03-06-2025
f72ae83a-c4ce-470b-b4f4-c5765af9b0c2,36-45,41,45,Male,South,Non-Smoker,Weekly,13.8,129.9,FALSE,FALSE,198.1,86.2,06-08-2025
24edad45-94c0-4327-965d-ba1fa575eb70,26-35,32,71,Female,North,Former Smoker,Rarely,23.9,138.9,FALSE,FALSE,201.6,96.8,14-10-2024
3d8bed2f-4422-4f57-a414-d267752a8dd0,60+,76,61,Male,West,Non-Smoker,Rarely,22.1,153.5,FALSE,TRUE,265.2,101.4,04-04-2024
6e2a7290-2d40-48d4-99e0-2bd2f14f6777,60+,71,61,Male,South,Non-Smoker,Rarely,16.9,157.1,FALSE,FALSE,251.8,105,30-10-2025
eaf6814d-06f8-481d-84c0-5b0738ed9e0b,46-60,49,77,Female,South,Non-Smoker,Weekly,24.9,140.7,FALSE,FALSE,234.8,88.7,10-02-2024
68180fdc-97a8-4747-bf04-316591005a36,46-60,49,83,Female,South,Non-Smoker,Weekly,27.8,147.6,FALSE,FALSE,216.9,101.8,26-11-2024
04392163-4647-4a8f-9b6e-68d0f32012ed,36-45,41,64,Female,West,Smoker,Rarely,26.9,159.6,FALSE,FALSE,267.8,104.1,03-06-2024
84ef14c6-0af5-49dd-92cc-7f1edfb0638e,46-60,58,64,Female,East,Non-Smoker,Weekly,26.9,154.7,TRUE,TRUE,197.8,131.6,18-05-2025
3b129590-ce93-41d2-8a5d-67834c5e1b71,60+,69,75,Female,West,Non-Smoker,Daily,26,155.4,TRUE,TRUE,207.7,146.2,01-10-2024
3ce3e3c1-ee41-4187-ad92-3f6ed4b27bbf,60+,66,50,Male,North,Non-Smoker,Rarely,17.6,143.7,FALSE,FALSE,219.2,107.3,27-10-2025
37818bbb-a3a5-472c-8048-c03c5911855a,60+,79,71,Male,North,Smoker,Rarely,27.4,160.7,FALSE,TRUE,302.4,107.2,18-07-2025
215c111b-dde0-4f72-adbe-958ff9b5a52e,60+,66,75,Male,West,Smoker,Weekly,26.4,152.2,FALSE,FALSE,242.1,106.6,27-06-2024
c64b15a8-d56d-42ed-a8f4-34a18b3e5ea4,60+,75,77,Female,West,Non-Smoker,Daily,23,151.8,FALSE,FALSE,232.1,107.1,16-05-2024
54a83380-e231-48cb-afee-baf9cb7df0e9,60+,69,45,Female,South,Former Smoker,Weekly,14.9,155.5,FALSE,TRUE,195.3,102.6,28-06-2024
0085d6b9-fe65-43f3-806a-c7e6300f7380,26-35,29,58,Male,West,Non-Smoker,Rarely,24,134.7,FALSE,FALSE,221.7,78.2,30-06-2024
dd870d9a-b069-4a7a-80fa-081d72a01eaf,60+,79,57,Male,South,Non-Smoker,Never,20.7,144.9,FALSE,TRUE,254.4,100.6,15-09-2024
7835c9df-bcfd-4622-80ee-044adc343a4a,46-60,56,69,Female,North,Non-Smoker,Daily,27.3,166.9,FALSE,TRUE,243.7,88.3,30-08-2024
3f510f49-df64-4d05-ad68-f7607e6be69f,18-25,19,74,Male,South,Non-Smoker,Daily,27.8,137.5,FALSE,FALSE,188.4,109.5,05-04-2024
61582b61-45d1-48be-871a-9a3c793aa3cc,18-25,20,87,Female,West,Non-Smoker,Rarely,32.8,125.7,FALSE,FALSE,195.1,99,15-07-2024
1747c190-9c96-4cb3-ba34-e4f108e52696,60+,66,62,Female,North,Non-Smoker,Weekly,23.6,149.1,FALSE,TRUE,204,100.9,09-06-2025
83359093-54f6-4410-b64c-99c4d15741f8,46-60,54,62,Female,East,Non-Smoker,Weekly,26,150.2,FALSE,FALSE,226.2,111,23-09-2025
a5224d6e-67f1-49e7-b0df-214c1289afe0,60+,66,83,Male,South,Smoker,Never,30.2,177.7,FALSE,FALSE,230.2,110.7,21-01-2025
dd878319-c8ff-4243-be90-471337c872a2,60+,73,72,Female,North,Smoker,Daily,27.6,153.8,TRUE,FALSE,229.6,123,11-02-2025
009a5523-f08d-44e4-b12b-e46c32517f09,26-35,34,84,Female,South,Non-Smoker,Weekly,40,158.1,FALSE,FALSE,222,105.4,25-09-2024
b6cb79f6-aacf-4d75-a15d-e51c9f4fb9d1,60+,76,72,Female,North,Smoker,Daily,20.5,173.1,FALSE,FALSE,235,99.6,19-06-2024
98d0ccb7-fad9-439e-9230-9cc13e73ec4a,60+,66,53,Female,North,Smoker,Weekly,16.7,147.9,FALSE,TRUE,220.8,81.6,06-08-2025
20c9f865-d641-43d3-9547-1838e0cb6202,18-25,19,51,Female,South,Non-Smoker,Rarely,19.1,126.5,FALSE,FALSE,197.2,85,21-11-2025
0391d75d-e868-4b2c-b558-73daacd8f463,18-25,19,48,Female,East,Former Smoker,Weekly,17.2,118.4,FALSE,FALSE,191.6,89,18-06-2024
b1a7ade3-4e23-4f3f-bf5f-ab48cb406cd3,36-45,45,77,Male,North,Non-Smoker,Never,31.9,147.2,FALSE,FALSE,220.8,102.5,07-06-2024
1c747709-31ca-44b0-a119-1c2c85ca5db0,60+,71,83,Female,North,Non-Smoker,Weekly,24.5,155.5,TRUE,FALSE,238.7,117.4,23-05-2025
25f2bb11-6e4d-43e0-8d9b-4ee48b07b8ee,36-45,40,92,Female,North,Non-Smoker,Weekly,26.6,149.2,FALSE,FALSE,195.1,111.3,22-03-2025
b5122e57-7183-440a-8228-bf84279fdeca,46-60,54,79,Male,East,Former Smoker,Daily,27.8,160.2,FALSE,FALSE,234.3,102,27-10-2025
00f25ded-e1b8-4d69-a92f-bbd8259dd89c,46-60,49,83,Female,East,Non-Smoker,Weekly,26.4,140.5,FALSE,FALSE,224.4,101.7,22-03-2024
af085070-da46-4fe6-9f18-034b78cd4619,46-60,50,60,Female,West,Smoker,Weekly,21.1,131.5,TRUE,FALSE,196.1,130.6,26-02-2024
565a02b4-6766-467b-8d4a-195d41479679,18-25,18,53,Female,South,Non-Smoker,Daily,22.5,130.5,FALSE,FALSE,212.2,85.7,02-06-2025
f6d1ef7a-69e2-4e54-bd26-f1c1235a03b9,36-45,36,79,Male,East,Smoker,Weekly,29.8,151.2,FALSE,FALSE,211.1,105.4,21-04-2024
bca93f71-eafc-474b-ae42-a0ea0be758fc,60+,79,73,Male,South,Non-Smoker,Weekly,25.8,162.6,TRUE,FALSE,244.8,130.7,17-02-2024
6f93a364-e20f-44f0-8083-4bfdae52706d,18-25,19,69,Other,West,Non-Smoker,Rarely,26.1,130.6,FALSE,FALSE,221.7,86.8,14-08-2025
e5bcea05-41dd-4292-abf3-08885c5a1fa7,60+,70,73,Female,South,Former Smoker,Rarely,26.9,158.1,FALSE,FALSE,261.4,111.1,10-01-2025
90ca281a-3762-4235-b9e4-bcbee07f7f17,60+,61,72,Male,East,Non-Smoker,Rarely,26.1,166.1,FALSE,FALSE,230.6,118.3,02-02-2024
2427d780-9a31-45f7-8213-bbd46ee3c304,36-45,43,85,Female,South,Non-Smoker,Daily,30.8,150.8,FALSE,FALSE,216.2,109.9,18-05-2025
339f26db-5bf0-428f-b516-f5498e65d2a9,46-60,49,85,Female,East,Former Smoker,Daily,30.3,146.4,FALSE,TRUE,251.2,112.7,18-09-2025
b1426d5b-89d7-479c-afb2-93b77fd65ee1,18-25,23,75,Female,South,Smoker,Rarely,30.7,138.8,FALSE,FALSE,233.8,93.8,03-01-2024
a17d2810-d7ae-455e-a53d-52474156cc8d,46-60,49,79,Female,East,Non-Smoker,Weekly,30.9,148.6,FALSE,FALSE,215.7,87.8,30-04-2025
5fb03020-6392-43df-a089-992005850965,60+,72,75,Male,East,Non-Smoker,Daily,31.6,175.7,FALSE,TRUE,230.5,123.2,30-05-2025
9cc76d2f-d6ab-4473-8ee9-70cd78b7e384,18-25,21,62,Male,South,Non-Smoker,Rarely,19.8,128.7,FALSE,FALSE,149,113.2,11-02-2024
ebcfff38-68bd-4e1c-9967-44aac8d8f038,60+,72,78,Male,West,Non-Smoker,Rarely,36.6,164,TRUE,TRUE,257,154.5,09-01-2024
deec31a8-5a6b-468c-af2e-02bb097423af,26-35,28,50,Female,North,Former Smoker,Weekly,15.7,126.5,FALSE,FALSE,192.9,88.3,18-10-2025
c86c622c-71cb-4e0d-8e36-4b3e7bb482a3,60+,73,82,Male,West,Non-Smoker,Daily,25.1,167.1,FALSE,TRUE,260.1,93.4,31-08-2025
79376ad4-75b1-4147-8fd4-fb4b5e11868b,60+,76,52,Male,South,Non-Smoker,Rarely,19.3,172.4,FALSE,FALSE,238.1,91.6,21-05-2024
03e7fc24-c61f-4d03-8d93-45175b9dba16,26-35,34,72,Male,West,Non-Smoker,Weekly,34.2,149.6,FALSE,FALSE,248.5,86.1,11-03-2025
a3d251e9-36e8-4200-9c32-5f843d7b3beb,60+,80,57,Female,East,Former Smoker,Rarely,21.4,158.7,TRUE,TRUE,228.2,131.1,27-01-2024
1e2cb8bf-9a6f-4734-b577-ecb984d5e4c2,46-60,55,75,Female,North,Former Smoker,Rarely,27.1,150.7,FALSE,TRUE,254.7,118.9,12-02-2024
47aeb963-338a-4938-a478-6af1cad9d856,36-45,41,68,Male,South,Former Smoker,Rarely,27.6,122.9,FALSE,FALSE,211.6,99.1,10-05-2024
0cf73f1f-c7c3-4bc7-b1e9-f6a24562adca,18-25,22,47,Male,South,Smoker,Weekly,17.9,141.2,FALSE,FALSE,215.9,94.8,03-08-2024
5a45d61c-ba97-4ba5-b54b-fdb17ff6f713,60+,69,73,Female,South,Non-Smoker,Daily,22,154.6,FALSE,FALSE,200.6,116.3,28-08-2025
a4ab819c-488a-46bf-a8cb-9f0240bbac78,46-60,51,60,Male,North,Smoker,Rarely,19.9,152.7,TRUE,FALSE,229.8,122.1,03-06-2025
bffc24c4-6d45-4166-8d4a-666a355b7b79,18-25,23,79,Male,East,Non-Smoker,Weekly,31.7,132.6,FALSE,FALSE,170.1,119.9,20-08-2025
4fdb80d2-81dc-4586-9b2f-133f4b1f5a0b,36-45,39,68,Male,South,Smoker,Rarely,29.8,146.5,FALSE,FALSE,225.6,121.3,10-12-2024
b26261f7-5047-4ce7-adfe-02b456df090e,26-35,28,73,Male,West,Non-Smoker,Daily,27.2,134.6,FALSE,FALSE,215.6,96.7,22-05-2025
1d3dc016-51a7-4a72-abfb-4c5c4dde5c9b,60+,80,56,Male,South,Non-Smoker,Daily,20.6,166.6,TRUE,FALSE,225.5,126,11-10-2025
5ac3111b-7915-4ecd-8976-8a8c2d6b3eae,60+,65,60,Female,South,Smoker,Rarely,20.3,152,FALSE,FALSE,215.2,107.8,16-02-2025
5813ef71-3ca5-40a3-9aeb-c8fb2ad93520,26-35,33,62,Male,South,Non-Smoker,Rarely,23.7,157,FALSE,FALSE,222.2,93.5,02-09-2024
d9cc412c-f7d1-4d42-b095-ceefb267735e,46-60,50,79,Female,South,Non-Smoker,Never,26.7,151.7,TRUE,TRUE,220.5,118.1,24-03-2025
54e6e1fc-1a96-4344-abeb-8e0f6d1e6690,26-35,26,90,Male,East,Non-Smoker,Rarely,25.9,125.1,FALSE,FALSE,193.6,109.7,21-01-2024
c7a132bc-743a-4804-842b-679c573269ea,60+,77,58,Female,West,Smoker,Weekly,18.9,158.8,FALSE,TRUE,243.9,114.4,11-02-2025
c933b3fb-2ddb-459b-90e8-541bf993aacd,60+,76,82,Female,East,Non-Smoker,Rarely,29.6,155.6,TRUE,TRUE,299.1,137.5,01-04-2025
667666cb-1dcc-40e4-b07b-54ef4b95615f,18-25,23,45,Male,West,Non-Smoker,Rarely,16.5,109.3,FALSE,FALSE,210.1,78.6,19-03-2025
6c051eda-72e2-4e33-9f04-1e570b8ac37e,26-35,33,52,Female,South,Smoker,Weekly,19.5,154.9,FALSE,FALSE,234.3,82.4,21-09-2024
a69d2086-24e6-4a91-81d6-5c3a35ff025d,46-60,46,56,Male,North,Smoker,Weekly,17.5,151.4,FALSE,FALSE,226.5,97,21-10-2025
228e975b-88ab-4cbe-996f-7e8a671a1d8d,18-25,20,50,Other,East,Non-Smoker,Daily,19.4,134.4,FALSE,FALSE,192.4,87.3,02-07-2024
3f2d4d06-9a92-44b8-8d5d-0d5ff507d625,36-45,37,47,Male,North,Former Smoker,Weekly,16.8,137.1,FALSE,FALSE,155,90.5,14-08-2024
33b523b2-35c0-4df8-a779-771cb0a74a23,60+,77,73,Male,East,Non-Smoker,Rarely,26,147.1,TRUE,FALSE,228.2,144.4,01-07-2025
f802d84e-c92b-4948-8c6c-edadc922e0c5,60+,76,65,Male,South,Non-Smoker,Weekly,24.8,154,FALSE,FALSE,229.6,112.7,02-09-2024
413e1cfd-28d2-4eb8-b779-1b9470946cda,46-60,53,73,Other,East,Non-Smoker,Daily,31.1,159.6,FALSE,FALSE,193.9,118.4,13-03-2024
029e5449-a062-4929-af8d-5bdbe8076b8a,36-45,36,77,Female,South,Non-Smoker,Weekly,26.6,132,FALSE,FALSE,188.8,89.2,29-05-2024
a89dd7e3-f211-464b-af34-c14a3452ae55,36-45,43,71,Female,East,Smoker,Daily,25.6,126.2,FALSE,FALSE,188,96.4,27-05-2025
0794e945-7c27-4052-8ee7-1bdf9a673204,18-25,20,77,Male,South,Non-Smoker,Daily,26,131.9,FALSE,FALSE,198.2,103.5,09-03-2024
62099bfe-b7cb-4fe8-8ab8-21f1ca34a5c5,60+,80,67,Female,South,Former Smoker,Weekly,25.6,159.4,FALSE,TRUE,264.8,111,17-08-2024
a0e2aa7f-8a94-4426-af11-4c76be091cde,36-45,36,53,Male,West,Non-Smoker,Never,16.5,136.1,FALSE,FALSE,218.9,108.9,23-12-2025
831e9d56-ed6e-46a5-b399-a39539518635,36-45,37,82,Female,South,Former Smoker,Weekly,32.8,152.5,FALSE,FALSE,235.2,106.9,12-03-2024
16dee540-6ddd-44d0-b9e0-191e8c2afcca,46-60,49,60,Male,West,Non-Smoker,Daily,17.7,147.3,FALSE,FALSE,189,115,30-08-2025
19ebbd56-5b47-423c-ae26-a296349b7e93,18-25,24,56,Male,South,Smoker,Daily,25,142.4,FALSE,FALSE,173.9,101.5,31-01-2025
04aefe6f-c35d-480f-8c6b-7fcc585500bc,60+,69,66,Male,North,Former Smoker,Rarely,22.5,164.4,FALSE,TRUE,200.4,113.4,24-03-2024
09a131a2-5c1a-4939-9f6a-fe41cd4a702d,46-60,58,56,Male,South,Smoker,Weekly,19,137.8,FALSE,TRUE,203.6,95.7,25-10-2024
952cb9ae-a920-4d9e-bb8d-2781d18625dc,46-60,50,63,Female,North,Non-Smoker,Rarely,24.9,151.2,FALSE,FALSE,202.1,100.8,19-10-2024
11990ba5-87af-482f-aedf-e94ce3c348fc,46-60,57,72,Male,North,Smoker,Rarely,24.6,160.3,FALSE,TRUE,233.5,110.9,10-08-2024
0d5438d7-9e04-4b78-bd48-d1d5e86921bb,46-60,56,73,Female,South,Smoker,Rarely,22.6,141.7,FALSE,TRUE,212.6,116.6,03-08-2024
e16f531b-d5c5-4377-be96-4494bd8685a0,26-35,35,56,Male,North,Non-Smoker,Weekly,26.6,127.5,FALSE,FALSE,217.9,106.2,18-08-2024
1648e1f0-d0e6-40b4-b720-33c679e29423,46-60,57,62,Female,West,Non-Smoker,Rarely,21,140.6,TRUE,FALSE,214.6,127,08-02-2025
276ccff2-11d6-4e41-86b9-011f5f10b812,18-25,18,82,Male,East,Non-Smoker,Weekly,39,135.5,TRUE,TRUE,217.2,144.5,17-06-2024
0f03a4ec-7748-4bb0-9b87-a75595eb40ea,26-35,28,74,Male,South,Non-Smoker,Never,29.9,146.8,TRUE,FALSE,233.7,105.6,24-11-2024
a783345b-9611-4031-8706-ec1954146557,36-45,45,95,Female,North,Smoker,Weekly,28.3,146.1,TRUE,FALSE,209.6,115.4,01-03-2025
2816d932-2e0e-46f3-859e-3db50c613628,60+,74,83,Male,South,Smoker,Weekly,31.9,159.3,TRUE,TRUE,268.7,143.7,07-07-2025
4f4516fd-8ca5-45fe-a6bc-e9ddfdc4739a,36-45,42,83,Male,West,Non-Smoker,Weekly,34.4,143.8,FALSE,FALSE,227.8,104.6,14-07-2024
5ff7b9b0-d0ec-4d26-aacd-6e2cf9488d16,60+,67,50,Female,South,Non-Smoker,Daily,18.4,160.2,FALSE,FALSE,216.2,106.2,30-08-2025
ec1cd1be-88f0-4f3b-85cd-ac6fa9b50d30,36-45,40,78,Female,South,Non-Smoker,Rarely,22.1,140.5,FALSE,FALSE,225.9,98,09-06-2025
e2beed68-572c-4fb6-b26a-089a5564089d,46-60,48,67,Male,North,Non-Smoker,Daily,30.3,147.7,FALSE,FALSE,244,109,16-09-2025
aa724917-74b6-49e5-9e73-4640fbad1c67,46-60,47,61,Male,West,Former Smoker,Weekly,24.9,144.3,FALSE,TRUE,203.7,92,17-03-2024
4dcfe878-cfad-4d0b-8114-d754cd269eee,46-60,59,70,Female,East,Non-Smoker,Weekly,21.1,159.9,FALSE,FALSE,217.3,105.9,03-10-2024
7d504274-c09a-4200-affe-32458da4f8c4,46-60,52,80,Male,East,Non-Smoker,Rarely,23.2,139.7,FALSE,FALSE,224.4,110.1,10-04-2025
71f6874c-4f36-495a-84a6-35edb65fbe13,18-25,24,75,Male,North,Non-Smoker,Rarely,27.2,148.3,FALSE,FALSE,198.3,109.5,23-03-2025
5ac75f23-fde3-40f4-8371-a0bb8c978d02,60+,77,57,Male,South,Non-Smoker,Rarely,23.8,160,FALSE,TRUE,250.2,125.1,15-11-2024
518a1157-4c67-44f2-901b-45bcc1bbbaf3,26-35,33,78,Female,North,Non-Smoker,Rarely,22.1,135.8,FALSE,FALSE,208.5,98.5,08-06-2024
562f1c35-8100-43cd-a4c8-e5d4ae3c7eb7,36-45,43,60,Female,North,Non-Smoker,Daily,17.9,161.5,FALSE,FALSE,240.8,98.3,06-05-2025
9bb3dc9d-749c-4957-934e-a406b8d7260c,60+,65,71,Male,North,Non-Smoker,Daily,23.5,143,FALSE,FALSE,198.4,87.4,08-11-2024
d83090c7-0a79-421e-a85b-9ea8fb5849cc,60+,74,64,Male,South,Non-Smoker,Rarely,25.4,154.6,FALSE,TRUE,236.2,100,22-09-2025
775c4b34-1165-4f2f-b319-7f74e113ad62,60+,69,65,Male,West,Former Smoker,Weekly,23.4,143.2,FALSE,FALSE,218.7,101.4,09-06-2024
6fa39756-4163-402b-acb0-1101b01df8a5,60+,77,78,Female,North,Former Smoker,Weekly,28.5,169.7,TRUE,FALSE,262.6,146,03-11-2024
a6c0971e-a31a-47f3-9615-67f3d94df8ba,60+,66,54,Male,South,Former Smoker,Daily,18.6,165,FALSE,FALSE,195.1,94,25-05-2024
cf86cea7-549e-4d5f-ae16-8e4c7c8fe971,18-25,19,93,Male,West,Non-Smoker,Weekly,28.2,149.9,TRUE,FALSE,208.5,132.9,05-11-2025
e796dc58-9ac6-4a8a-b938-c3cce5b16d86,18-25,18,45,Female,North,Non-Smoker,Daily,14.6,136.6,FALSE,FALSE,167.8,89.3,30-01-2025
28d7ecd4-15eb-45d6-a5c0-e1fe68ac0a14,60+,65,60,Male,East,Non-Smoker,Rarely,24.6,151.5,FALSE,FALSE,216,101.5,21-11-2025
25514fb0-ecbb-499b-9fa7-fae204a9ef94,60+,79,73,Female,West,Non-Smoker,Daily,22.3,154.8,FALSE,FALSE,208.8,107,29-03-2024
e71def79-8b0b-431a-bc24-c3f0bb2d5caf,26-35,29,76,Male,North,Non-Smoker,Weekly,26.3,123.1,FALSE,FALSE,196.9,93.8,03-11-2024
1525fb0d-6d3a-4349-ada2-1a6c1776c240,18-25,22,67,Male,West,Non-Smoker,Daily,22.2,150.7,FALSE,FALSE,216.5,89.9,29-06-2025
432c4ed4-139c-4883-acf4-71ededde8321,46-60,54,67,Male,West,Non-Smoker,Rarely,20.3,149.7,FALSE,TRUE,215.4,81.8,05-01-2025
18a22f1b-70c0-4564-9193-5d7e04d38e3a,46-60,49,73,Female,West,Non-Smoker,Weekly,30,145.1,TRUE,FALSE,239.3,128.8,26-03-2025
62d54fd8-e439-4d68-a286-4bca6b8ee052,60+,76,65,Female,West,Smoker,Rarely,23.4,174.4,TRUE,FALSE,282.4,127.8,15-06-2024
5650847a-ceae-46d3-af3e-a8587c0b6d0c,60+,72,86,Female,West,Non-Smoker,Rarely,32.9,153,TRUE,FALSE,253.6,131.9,26-01-2025
ec694c24-b1d5-404e-8e3f-9af58c5506a7,26-35,26,79,Male,West,Smoker,Weekly,34.5,150.8,FALSE,FALSE,217.1,105.8,28-09-2025
548d7e8a-7fea-4fcf-b2a3-86bd1ec097f1,46-60,58,79,Female,North,Former Smoker,Never,27.2,150.2,TRUE,FALSE,243.6,138,05-05-2025
6023dd73-bc51-4328-aa13-44c8a48871da,46-60,52,55,Male,East,Non-Smoker,Never,14.9,146.8,FALSE,FALSE,195.5,97.9,29-05-2024
fab0258e-8120-4cf7-a41c-038e08b95417,36-45,36,67,Male,South,Smoker,Rarely,30.3,148.3,TRUE,TRUE,219.4,139.1,12-04-2025
9f0b1ac3-01c2-4a08-a2da-3b1c9069e66e,60+,65,64,Female,West,Smoker,Rarely,23,144.1,FALSE,FALSE,209.9,108.1,01-12-2025
24b567fd-0155-43e1-be12-082e01f23dfb,26-35,33,55,Male,South,Non-Smoker,Daily,18.3,135.4,FALSE,TRUE,215.7,91.1,12-02-2024
eb0abaa9-18ae-4032-939d-9961d71ed0b1,18-25,20,73,Male,North,Non-Smoker,Weekly,25.8,143.2,FALSE,FALSE,191,91.2,29-01-2024
d7c4a12a-b750-48a2-b86a-f912b29681ce,36-45,37,61,Male,West,Non-Smoker,Daily,22.2,138.8,FALSE,FALSE,209.7,100,23-09-2025
4ff6f793-aece-4df5-aada-5f956c791da4,36-45,41,77,Male,East,Smoker,Daily,32.5,159.6,FALSE,FALSE,215.8,109,31-01-2024
93dbc108-7826-4540-8061-86587c8d3d2b,60+,71,54,Male,South,Non-Smoker,Never,18.8,142.8,FALSE,FALSE,235.2,115.1,23-11-2025
96922303-3816-4c87-85a8-7f73b98f3c83,60+,73,90,Female,West,Non-Smoker,Weekly,35.4,163.6,FALSE,TRUE,237.6,122.5,04-11-2025
dcfe71ca-d721-4198-90a8-c4973a77791a,46-60,50,56,Male,North,Non-Smoker,Rarely,26.6,142.2,FALSE,TRUE,219.6,96.2,07-05-2024
16534ed0-88b1-4909-af6b-18e77af6332a,36-45,41,71,Female,East,Non-Smoker,Rarely,22.2,147.6,FALSE,FALSE,226.6,96.6,20-10-2024
6eb22ba7-cf1b-40fd-ab62-5ae5d2f80282,60+,69,78,Female,South,Non-Smoker,Rarely,25,155.6,TRUE,FALSE,250.1,138.9,16-03-2025
55d4d291-f743-4c73-8d9c-5b0fab84097d,26-35,28,61,Male,South,Non-Smoker,Never,21.7,140.9,FALSE,FALSE,198.1,105.7,22-01-2025
6dfc855f-def9-4d19-943d-22faa8ebd016,60+,66,79,Male,West,Former Smoker,Daily,27.6,165.4,FALSE,FALSE,205.5,114.4,03-10-2025
b8120f0a-9cd6-4381-a04e-eeb2009cd99e,18-25,25,52,Male,East,Non-Smoker,Daily,16.5,136.2,FALSE,FALSE,248.4,90.9,07-06-2025
8d0df61b-f785-4b70-b3b4-480f2292edbb,46-60,53,87,Female,East,Non-Smoker,Weekly,30.4,154.1,FALSE,FALSE,265.3,91.7,30-06-2025
ce51ba15-d645-4123-912a-09ee1642198f,46-60,55,68,Male,East,Smoker,Daily,21.9,143,TRUE,FALSE,245.6,118,10-12-2025
b5a8f92b-f7b5-48b3-8ff8-bbce1749f20e,46-60,57,60,Female,East,Non-Smoker,Daily,22.3,148.1,FALSE,FALSE,206.1,103.3,19-04-2024
677cf63a-c53e-415c-a2c0-8cf48bedc4b6,36-45,37,64,Male,North,Smoker,Weekly,19.7,137.7,FALSE,FALSE,212,98.9,23-11-2024
f37fe58b-ad1a-4077-aa43-1116c99c7f52,60+,79,79,Female,East,Non-Smoker,Rarely,27.3,158.2,TRUE,TRUE,234.3,124.2,08-02-2025
095a3f91-8443-4c09-ac6a-0f147167b535,46-60,52,60,Male,South,Former Smoker,Weekly,21,141.7,FALSE,TRUE,245.8,99.4,01-09-2024
23d81cc7-1404-4d0b-84d5-e65d6b0fa94a,60+,65,58,Male,South,Non-Smoker,Weekly,24.4,144.3,FALSE,FALSE,235.6,109.4,11-06-2024
26479666-c7ac-4aaf-b21a-1fafe270119c,60+,79,65,Female,North,Smoker,Rarely,22.5,145.6,FALSE,TRUE,234.3,93.1,13-07-2025
928f8882-8741-4c2a-a6a2-bcfc64d88374,36-45,42,53,Female,South,Smoker,Daily,21,139.5,TRUE,FALSE,210.6,136.2,02-02-2025
37c4b5b4-c7b5-4bf0-9093-9eec3eaf8642,46-60,52,92,Male,South,Non-Smoker,Daily,35.7,156.3,FALSE,FALSE,260,103.2,05-08-2025
298f78c6-62b6-46e1-94ac-8b3f9ad8b46d,36-45,42,61,Female,East,Smoker,Rarely,24.2,135.5,FALSE,TRUE,256.8,111.4,02-02-2025
fd591772-4ce8-492e-9f5e-d4316ce7fbad,46-60,46,79,Female,South,Smoker,Weekly,32.3,154.8,FALSE,TRUE,270.5,98.7,07-05-2025
8a955629-474f-4112-b7db-ed7f3e3c50c1,26-35,35,71,Female,North,Non-Smoker,Rarely,20,153.9,FALSE,FALSE,216.4,85,07-10-2025
3fa1cb36-6198-4f54-a75d-14e4df5de000,60+,63,55,Female,East,Non-Smoker,Daily,16.9,156.5,TRUE,FALSE,212.5,122.1,26-08-2024
3e75d234-fe7f-481e-b2c7-4ece8011b077,26-35,35,68,Male,West,Non-Smoker,Rarely,19.6,151.3,FALSE,FALSE,135.8,94.1,09-04-2025
1bae2fd8-cc24-4d68-962e-3b771aedfb2f,18-25,19,78,Male,East,Former Smoker,Weekly,32.6,141.3,FALSE,FALSE,219.1,95.5,02-08-2025
e7496383-c82a-470b-8425-2b8b02c19e12,60+,71,66,Male,North,Smoker,Weekly,23.5,170.7,TRUE,FALSE,245.5,129.5,01-02-2024
05702c59-d30e-432c-9c87-08d11119afda,46-60,52,84,Female,East,Former Smoker,Weekly,35.4,147.9,FALSE,FALSE,244.9,110.2,02-05-2024
890a3b26-71d4-47f9-806d-a33524afd30e,26-35,33,81,Female,East,Non-Smoker,Rarely,31.6,137.6,FALSE,FALSE,218.2,99.6,17-06-2025
a878d142-6c17-4d35-94e7-08b94843d09c,60+,78,80,Male,North,Former Smoker,Weekly,32.1,139.3,FALSE,FALSE,230.1,109,28-10-2025
c785a139-46f6-4004-8851-e7fafe8269d3,46-60,58,62,Male,East,Non-Smoker,Weekly,19.3,157.3,FALSE,FALSE,228.6,82,19-04-2024
4f13d985-1bc4-4759-bd05-463d8ce038e5,46-60,53,54,Female,North,Former Smoker,Never,20.3,158.9,FALSE,FALSE,232.8,102.6,27-09-2024
0f58d887-1ec1-4874-89bb-73316932c2c0,46-60,50,60,Other,North,Former Smoker,Rarely,19,137.9,FALSE,TRUE,229.6,96.6,14-01-2025
ea3f7d4b-bad2-4ead-92bf-e6079b125736,18-25,21,71,Female,West,Non-Smoker,Weekly,23.7,130.6,FALSE,FALSE,215.2,110.9,26-10-2024
9c2771ba-f56b-4bc2-bb02-eb133bb3ea6d,46-60,50,75,Male,South,Former Smoker,Rarely,20.8,137.2,FALSE,TRUE,230.8,89,18-09-2025
2bde62da-b4a4-47e1-a20a-a3afa34f9224,26-35,31,45,Male,South,Non-Smoker,Weekly,19.4,138,FALSE,FALSE,189.1,76.2,05-09-2024
b6d8cff9-a676-440e-8cb9-87b607d6b615,36-45,38,68,Male,East,Non-Smoker,Daily,21.1,148.9,TRUE,FALSE,203.7,130.6,04-06-2025
cdd972e3-736c-4b88-8106-44859388dc3e,60+,65,70,Female,East,Non-Smoker,Weekly,22,135.9,FALSE,TRUE,228.6,105.3,03-02-2024
96ec0cc2-43ea-4b53-9efb-d218b071a119,36-45,37,64,Male,West,Non-Smoker,Never,25.9,145.2,FALSE,FALSE,213.8,88.8,15-08-2024
9c47f10f-5c8a-40d8-ab58-4cf8b4ffe525,60+,73,85,Female,West,Smoker,Never,27.1,161,FALSE,TRUE,272.4,90.7,07-08-2025
84e0f003-9a53-4568-bb17-8ed269f795f9,18-25,25,73,Male,West,Non-Smoker,Weekly,25.2,136.7,FALSE,FALSE,214.4,111.7,02-02-2025
4dac509b-7510-4174-8fa9-4ce287cd9e68,18-25,24,85,Female,North,Non-Smoker,Weekly,31.3,143.3,FALSE,FALSE,251.5,113.7,24-12-2025
43c8a758-c4cf-45c3-994a-1a549a4ce10c,18-25,20,65,Female,West,Non-Smoker,Daily,25.8,132.1,FALSE,FALSE,242.8,70.9,06-08-2025
6342b794-f466-4eed-bfe6-6d2515ab3a61,26-35,34,80,Female,West,Former Smoker,Never,31.3,142.7,FALSE,TRUE,224,96.8,23-07-2025
e3f854ec-e167-4d43-b80b-f54d5fb74e4e,46-60,50,89,Male,East,Non-Smoker,Never,25.3,145,TRUE,FALSE,143.7,145.6,07-08-2024
2e625c8c-0242-4733-be1a-de373337408b,60+,65,85,Male,West,Non-Smoker,Weekly,30.5,165.8,TRUE,FALSE,264.2,129.7,05-01-2025
bc6aea9d-7daf-4bf9-bd95-ff6f0d86caa3,26-35,29,54,Male,North,Non-Smoker,Rarely,17.7,136.3,FALSE,FALSE,182.5,88,11-06-2025
25182d09-2394-4d34-b4a4-a077f249ed5b,60+,76,65,Female,North,Non-Smoker,Rarely,25.7,160.9,TRUE,FALSE,224.5,131,15-03-2024
62fa1b58-28bb-4771-8a60-8e28cab831da,60+,68,64,Female,East,Smoker,Weekly,25.3,148.6,FALSE,FALSE,238,92.9,09-09-2025
53ff1dea-1780-44c8-8c92-dd7f2f243065,36-45,39,74,Female,West,Non-Smoker,Daily,23.4,137.4,TRUE,TRUE,200.4,108.8,15-05-2024
8e22427b-ffef-46ff-a457-1e3251e3e542,60+,72,77,Female,West,Non-Smoker,Weekly,32.7,169.7,FALSE,TRUE,260.3,119.5,14-03-2024
0867747a-8772-44fb-b74a-b6b0b5d937c1,36-45,39,57,Female,North,Former Smoker,Rarely,21.5,139.9,FALSE,FALSE,180.3,78.4,10-09-2024
2ad5d225-de5f-494e-ba25-a9868596a50a,60+,63,69,Male,West,Non-Smoker,Rarely,24.6,158.3,FALSE,TRUE,207.6,105.3,18-01-2024
2e158550-657e-427c-840b-da7e1744e43e,46-60,47,45,Female,West,Non-Smoker,Weekly,15.9,155.4,FALSE,FALSE,211,104.1,12-02-2024
52577be5-3c41-4d3c-86e1-8c8701aaa787,46-60,55,87,Male,West,Non-Smoker,Never,31.9,162.8,FALSE,TRUE,246.6,90.9,19-02-2024
7f4d5615-a820-4945-b9c1-7e4487ae65f2,46-60,55,61,Male,South,Smoker,Daily,20.9,152.2,TRUE,FALSE,242.4,118.2,29-05-2025
078b21d9-95b9-4482-a303-40d64a09b7a7,60+,62,69,Female,East,Non-Smoker,Weekly,22.8,146.1,TRUE,FALSE,210,141.8,24-07-2025
20fe8a79-a228-45dd-92cf-2b2b300e0d92,60+,68,64,Male,South,Non-Smoker,Rarely,21.1,129.3,FALSE,TRUE,208.1,107.2,29-07-2025
a4196e5b-d8c1-48cc-b086-92406889f5d1,60+,71,83,Male,East,Non-Smoker,Rarely,33.6,160.3,FALSE,FALSE,238.5,103.1,04-08-2025
7287968f-efe5-490a-bab1-de160954010c,18-25,25,45,Female,North,Non-Smoker,Weekly,16.7,127.2,FALSE,FALSE,193.6,103.7,29-10-2024
57d4415b-a5fc-47c4-ac20-8ba003fc7716,36-45,44,68,Male,West,Former Smoker,Weekly,21.2,145.1,FALSE,FALSE,244.5,109.6,21-05-2024
7a7d0ce9-106c-4db2-bf56-b0601e90a9e7,36-45,44,67,Female,East,Former Smoker,Daily,21.6,140.5,FALSE,FALSE,174.5,100.5,20-07-2024
a6311d89-bf3c-4941-915e-5825b7899137,46-60,51,62,Male,South,Non-Smoker,Weekly,26.4,145.2,FALSE,TRUE,218.4,92.7,25-07-2024
645dcfbf-1271-45b1-a2aa-d8bfe891626a,36-45,38,90,Male,West,Non-Smoker,Weekly,31,129.2,TRUE,TRUE,193.3,125.8,18-02-2025
8ba5b198-e56f-4536-a0fe-3edafbdc67dc,46-60,47,56,Male,North,Non-Smoker,Daily,25.8,137.5,FALSE,FALSE,185.9,103.5,08-08-2024
02198459-2032-41ec-8eab-4daae4625678,46-60,50,78,Male,East,Non-Smoker,Rarely,27.8,152.9,FALSE,FALSE,243.5,100.4,27-12-2024
2e926189-4cc6-48fc-afe8-025ff71ddcfc,36-45,45,73,Female,East,Non-Smoker,Weekly,21.1,157.4,FALSE,FALSE,221.3,107.1,21-03-2024
94f407b6-8851-4bdd-8ec6-4d787d6140be,60+,64,84,Male,East,Smoker,Rarely,33.9,163,TRUE,TRUE,264.8,120.9,16-07-2025
b611591f-809d-4fe2-a703-2bb7ebd5f20e,46-60,50,59,Female,West,Non-Smoker,Rarely,23.4,148.7,FALSE,FALSE,236,84.9,11-10-2024
644072ae-55fd-4344-8335-72389f8097db,18-25,22,58,Male,South,Non-Smoker,Daily,19,138.8,FALSE,FALSE,180.4,94.2,03-01-2025
354a0c39-050b-4f49-b51e-ee7a2bc0be6d,60+,77,82,Female,South,Non-Smoker,Daily,35.7,158.6,FALSE,FALSE,247.6,106.6,06-05-2025
3e029579-d9af-46e1-8dc3-a85d0456c38a,60+,78,74,Female,East,Former Smoker,Rarely,28.7,165.1,TRUE,FALSE,295.3,129.6,11-12-2024
f8b49356-2c95-46a3-b8f0-60fb36f12c6f,60+,65,48,Female,North,Former Smoker,Weekly,16,141,TRUE,FALSE,217.8,108.8,22-07-2024
d7541b4a-6d94-43d5-aefe-dfe5ad902316,36-45,36,61,Male,North,Non-Smoker,Rarely,23.6,147.3,FALSE,FALSE,222.1,97.7,25-01-2024
66c81866-35d4-40c8-b96d-baa9577de9d1,18-25,21,73,Male,South,Non-Smoker,Rarely,26.9,136.3,FALSE,FALSE,201.2,96,06-07-2025
65648bfd-7a46-4ac8-803c-b6b2ab4d19e5,46-60,52,79,Male,North,Former Smoker,Rarely,26,151,FALSE,FALSE,191,108.2,09-03-2024
7fd398ff-6c0d-406e-883d-dff66ca5b6ca,60+,66,59,Female,South,Smoker,Never,20.1,148.7,TRUE,FALSE,195.8,129.6,30-05-2025
d7e09825-7c4c-4c4f-bcbc-0fc4e5121e1f,26-35,34,45,Male,East,Non-Smoker,Weekly,15.6,139.8,FALSE,FALSE,182.3,91.4,06-05-2025
f20eb67b-bbb9-4add-b5c0-d50675502201,60+,61,75,Female,South,Smoker,Weekly,28,177.4,FALSE,FALSE,265.9,116.2,27-08-2024
2b3673a6-4fec-4ab0-8957-a5450c0553b2,36-45,45,52,Female,South,Non-Smoker,Weekly,17.8,130.7,FALSE,FALSE,221.2,82.8,26-12-2024
24acbb19-a2c7-4e7f-a6bc-726fc1f42c08,46-60,47,45,Male,East,Non-Smoker,Daily,16.4,136.8,FALSE,FALSE,223.1,100.8,16-03-2025
3c4f4504-74b8-4f36-b22a-991ba5c791c4,46-60,46,45,Female,North,Former Smoker,Weekly,15.3,140.7,FALSE,FALSE,187.7,78,31-01-2024
3c68e255-6b7a-4153-b749-ed2bdccb2747,60+,63,79,Male,South,Former Smoker,Weekly,30.1,163,TRUE,FALSE,274.7,125.5,20-09-2025
b42e957a-f2e6-4045-8ce5-deb6eba391e4,60+,70,70,Male,South,Smoker,Never,25.7,156.2,FALSE,TRUE,228.8,92.6,07-12-2025
754e52a5-71f7-4a7d-9868-9f3fba2985a1,18-25,23,65,Female,East,Non-Smoker,Weekly,26.3,109.9,FALSE,FALSE,206,104.4,24-08-2025
978d61c2-0d54-4138-a0eb-71486abb6605,46-60,52,86,Female,North,Former Smoker,Weekly,31,163.8,FALSE,FALSE,235.3,103.8,20-11-2025
4991eb32-adb1-4b3d-83c2-153e3d8124e6,60+,77,76,Female,South,Non-Smoker,Weekly,30.1,169.1,FALSE,FALSE,244.4,108.3,18-10-2025
0a85c0af-1864-42c7-95ef-1e2e6c2b2b8b,46-60,58,89,Male,East,Former Smoker,Daily,36.6,142.2,TRUE,FALSE,275.2,125.5,14-12-2025
fae8e699-2657-49d8-95a5-765d1ec6075e,46-60,54,50,Male,South,Non-Smoker,Daily,17.4,138.1,TRUE,FALSE,197.5,122.3,17-11-2024
641787ed-6cf7-4649-98fc-88e4a81a810a,36-45,41,68,Female,West,Non-Smoker,Weekly,23.8,156,FALSE,TRUE,184.5,90.8,09-12-2024
f0f0a699-4409-4518-bdf6-03023135fd5f,46-60,46,47,Female,East,Non-Smoker,Daily,15.4,151.7,FALSE,FALSE,203,98.6,15-12-2025
2c6a2f22-125a-400d-9b70-192310b9ec46,60+,66,65,Female,North,Non-Smoker,Weekly,24.6,162.1,FALSE,FALSE,223.4,93.5,19-06-2025
c1b7b472-a3a3-4527-9996-0f5c581ec854,60+,63,65,Male,North,Non-Smoker,Rarely,22.2,149.2,FALSE,TRUE,293.1,114.8,20-12-2024
ce4799ff-9f47-4307-8af8-3451801ec287,60+,70,76,Female,North,Non-Smoker,Rarely,25.5,156.8,FALSE,TRUE,249.3,87.9,15-04-2025
5dc96a4e-898a-4723-ab86-2b149f9c6e3a,46-60,48,69,Male,North,Non-Smoker,Rarely,23.5,143.7,FALSE,FALSE,208.1,91.5,14-04-2024
33cd11f8-46ad-4936-9a93-5ba553a2c0d0,46-60,52,76,Male,South,Non-Smoker,Daily,30.2,161.2,FALSE,FALSE,208.2,120.7,17-11-2024
7e407a32-6fda-4e56-a2ee-c679e8435910,60+,77,77,Female,South,Non-Smoker,Rarely,27.1,152.4,TRUE,FALSE,205.8,130.4,25-07-2025
ddfdf20f-04c4-418b-b790-5fba5ed823ac,46-60,50,96,Male,North,Former Smoker,Rarely,33,144.7,FALSE,FALSE,216.5,92,10-06-2025
9b63b309-0c32-4bfd-85e7-a54bca819399,60+,69,64,Female,North,Former Smoker,Daily,22.9,163,FALSE,FALSE,238.4,105.2,18-05-2025
f5205b55-7b93-4fa4-a1cd-bc5f9112382f,60+,80,56,Male,North,Non-Smoker,Rarely,26.2,160.6,TRUE,TRUE,272.8,130.1,25-03-2024
4fd6c0b3-85de-4faf-acf2-6dc18e8da1f9,60+,78,71,Male,South,Former Smoker,Weekly,25,171.8,FALSE,FALSE,268.4,97.4,09-12-2025
5f4ad354-2bb7-4e0c-a312-b0c2c8206800,36-45,38,58,Female,North,Non-Smoker,Rarely,16.2,129.6,FALSE,FALSE,202.4,82.8,22-08-2024
1bdb71d3-53e9-4861-b35d-0efa9c68c8e3,46-60,49,87,Female,North,Non-Smoker,Never,32.6,150.7,FALSE,FALSE,224.2,132.4,19-09-2024
c53754ad-60ab-428c-ae1b-02e444132a45,36-45,40,64,Female,West,Former Smoker,Daily,25.1,134,FALSE,FALSE,223,96.5,06-01-2024
9f7f6e7a-afc9-4686-b61c-933dcc923188,46-60,50,61,Female,West,Non-Smoker,Rarely,20.9,144.2,TRUE,TRUE,203.5,107.2,08-05-2025
d6246611-6b6d-4ed6-b226-d8302d6a5963,18-25,20,62,Female,North,Smoker,Weekly,21.4,122.6,FALSE,FALSE,238.5,108.3,15-10-2024
3bff9878-b7f9-442f-b9ef-a7b75180d837,26-35,35,77,Female,East,Former Smoker,Never,24.1,135,FALSE,FALSE,208.6,103.7,23-07-2025
1665a941-d3b7-4bc1-be83-ff12cf7813ee,36-45,42,66,Female,North,Non-Smoker,Weekly,27.7,132,FALSE,FALSE,216.3,93.1,18-10-2025
c45eb4cf-6e91-4278-806b-e5d13c42604d,46-60,59,60,Male,West,Former Smoker,Rarely,19.7,153.6,TRUE,TRUE,179.5,118.1,07-07-2025
14d9945d-ac5d-4ca8-b75c-b4c2d69e70b9,46-60,48,90,Female,East,Former Smoker,Daily,30.1,155.6,FALSE,FALSE,227.2,109.9,15-12-2024
98dd9640-d28e-4dd9-8a2d-2fd2747d226e,60+,71,57,Male,East,Smoker,Weekly,20.8,142.9,TRUE,FALSE,258.2,127.8,18-07-2024
cc788beb-2ee4-43a0-9009-d66ee24b6000,60+,75,68,Other,North,Former Smoker,Daily,23.4,169,FALSE,TRUE,220,85.1,16-11-2025
53b04f25-6f6b-4f7b-a2ac-b15c301503d8,18-25,20,76,Female,West,Non-Smoker,Never,24.2,155.2,FALSE,FALSE,181.3,112.8,30-11-2024
9016c3e0-a676-4ec1-97fa-abad662691fc,46-60,57,47,Male,West,Non-Smoker,Rarely,15.2,143.9,FALSE,FALSE,226.4,92.3,29-08-2025
cb83f4c7-3f09-4490-9bdd-abe3b9422ab3,60+,63,74,Female,East,Non-Smoker,Rarely,30.6,150.5,FALSE,FALSE,208.6,121.1,04-08-2024
10c36da6-7965-47a0-b0d6-6d2037cc0a6a,36-45,41,54,Female,North,Former Smoker,Never,17.6,163.3,FALSE,FALSE,228.3,107.8,14-09-2025
301eb953-219e-40be-bf2b-9c46214fcac9,60+,67,79,Male,South,Smoker,Daily,28.5,149.8,FALSE,FALSE,239.4,95.7,18-12-2024
03de1c67-6be6-4dce-9284-0152a329d219,46-60,49,55,Female,South,Non-Smoker,Weekly,19.6,143,FALSE,FALSE,203.4,107.9,22-11-2025
bbc08bc9-f4ab-4a41-8b47-64b74e0f6649,60+,64,77,Female,West,Non-Smoker,Daily,27.4,156.2,FALSE,FALSE,211.6,98.1,05-11-2025
83f84924-37ea-4173-8fde-29948bdc0ab1,36-45,39,82,Male,South,Non-Smoker,Daily,29.9,157.1,FALSE,FALSE,226.7,82.8,22-09-2025
a9a929f5-ed90-42da-990a-242250836400,36-45,40,79,Female,West,Non-Smoker,Daily,24.7,145.3,FALSE,FALSE,261.2,94.5,20-11-2024
4d9a25fe-eb4c-4012-a772-be220329e054,18-25,19,71,Male,West,Smoker,Weekly,25.7,133.8,FALSE,FALSE,225.4,99.5,15-08-2024
38f9c981-3696-4126-a885-6dff0db78cd4,60+,80,65,Female,West,Non-Smoker,Weekly,26.8,152.9,FALSE,TRUE,227.9,102.5,24-05-2024
8dddeda4-04b2-4586-bd72-3dc633c2adf8,36-45,44,61,Other,South,Non-Smoker,Daily,22.9,139.6,FALSE,FALSE,235.1,95.4,03-11-2024
fc33c5bb-3670-4a52-a669-7e70b7a658d1,46-60,59,87,Female,West,Former Smoker,Daily,30.5,145.3,FALSE,FALSE,233.7,116.8,15-10-2025
a2738e9e-4d1b-4869-bdde-fb63ce351512,18-25,19,59,Male,East,Non-Smoker,Daily,18.4,128.9,FALSE,FALSE,214.3,92.6,25-09-2025
9fe7d8d6-6d07-4cc0-8e7b-666f30e0fcb7,36-45,43,55,Female,North,Non-Smoker,Never,18.4,134.2,FALSE,FALSE,221,87.4,11-10-2024
81f0e465-fe68-42fd-81f8-63e4c168b4d5,26-35,34,77,Female,North,Former Smoker,Rarely,30.7,129.8,FALSE,FALSE,162.7,108,26-01-2025
f0d526c6-4861-4925-98d0-e70f339e7b4e,46-60,57,58,Male,West,Smoker,Never,15.8,160.2,FALSE,TRUE,203.4,98.9,25-12-2024
62418898-b0aa-44de-9434-c777734baedc,46-60,50,56,Female,North,Former Smoker,Weekly,19.5,138.7,FALSE,FALSE,235.6,72.5,13-06-2024
25399e26-f852-40b4-998d-d56ff3aa8897,26-35,26,49,Male,South,Non-Smoker,Weekly,15.2,118.2,FALSE,FALSE,190.3,95.3,03-08-2025
33a4a575-ed27-4aa8-8a11-0e6630e1c7f2,46-60,60,62,Female,South,Former Smoker,Rarely,22.6,148.2,TRUE,FALSE,208.4,133.1,11-08-2024
e387d88c-03f6-46ba-b28c-61bda4384429,60+,71,67,Male,North,Non-Smoker,Weekly,22.6,155.3,FALSE,FALSE,219.5,103.4,03-05-2024
9f7af059-732c-447b-a9ea-d7431beb3a8c,60+,65,71,Male,South,Smoker,Weekly,23.1,141.5,FALSE,FALSE,202.3,111.3,09-12-2024
4c0072b9-d867-4155-ae2d-6be1edefa776,46-60,56,80,Male,North,Non-Smoker,Daily,24.9,152.4,FALSE,TRUE,222.6,95.1,07-06-2025
4b7a65d3-1f81-4bf9-bd0c-abe73e3e90e6,46-60,46,75,Female,North,Former Smoker,Daily,23.8,134.7,TRUE,FALSE,264.4,130.7,21-02-2024
9a7f182a-c3d1-4e8c-b6e4-4e14fceadb01,46-60,59,66,Male,North,Non-Smoker,Weekly,21.4,163.9,FALSE,FALSE,237.4,84.7,08-05-2024
63efec78-e546-47c1-8909-77f3f9fa53c4,60+,72,65,Female,West,Smoker,Weekly,24.2,165.8,FALSE,TRUE,291.1,108.3,14-05-2024
faff08a1-2d8f-4864-859d-beef1758ef8c,36-45,43,75,Male,North,Non-Smoker,Rarely,28.8,142.5,FALSE,TRUE,238.1,121.1,18-10-2025
f4597454-f74e-4ddd-834f-24bc491ca330,46-60,52,85,Male,West,Non-Smoker,Daily,29.3,143.7,FALSE,FALSE,248.5,93.5,06-05-2024
6e05e0d3-1dd9-438a-a82b-04c45cafe543,60+,67,70,Female,North,Non-Smoker,Daily,22.5,151.8,FALSE,FALSE,268.5,94.8,11-03-2024
f52a4ce6-5e09-4b6f-a745-9894a203b84c,36-45,42,62,Female,North,Non-Smoker,Rarely,22.8,147.2,FALSE,FALSE,218.2,91,29-09-2024
a593282c-9094-49ee-a116-5dc73cf247a0,36-45,41,55,Male,North,Former Smoker,Daily,17.4,137.5,TRUE,FALSE,203.1,124.2,05-07-2024
5827fa00-d248-4ab8-bd7b-cf5e86f327f4,26-35,30,49,Female,South,Non-Smoker,Weekly,14.9,129.2,FALSE,FALSE,210.5,81,03-01-2024
9d07f6fe-4a47-46ea-8ebc-decfd3544166,60+,77,77,Female,West,Smoker,Rarely,30.9,168.3,FALSE,TRUE,290.2,113.1,11-10-2024
5185686e-aabc-415a-b049-e8b3e0bab1a2,60+,75,76,Female,West,Non-Smoker,Daily,30.2,155.9,TRUE,FALSE,237,144.6,22-01-2024
bde1e9ba-5781-4461-8c77-36037b4da85b,18-25,24,76,Male,North,Smoker,Daily,27.7,138.7,FALSE,FALSE,202.1,102.9,14-06-2024
ed41ccf1-bb66-4487-8215-1aa15fc60fda,60+,74,66,Male,North,Non-Smoker,Weekly,22.8,137.3,FALSE,TRUE,237.5,86.2,05-11-2024
672cf091-4d89-4c1d-ae6b-fcb205a8339f,46-60,53,86,Female,South,Non-Smoker,Weekly,32.9,162,FALSE,TRUE,250.7,115.6,21-04-2025
c6337190-94e5-422c-82eb-21eb09142ff7,60+,62,62,Male,South,Smoker,Weekly,19,155.9,FALSE,FALSE,248,109,12-05-2025
30dec205-aab1-4371-8c85-82c48a0b38c4,36-45,37,80,Female,South,Non-Smoker,Rarely,27.3,135.4,FALSE,FALSE,185.2,108,09-03-2025
f62417fe-ff81-4811-b0c5-681ca34e675c,18-25,18,67,Female,West,Smoker,Daily,23.9,153.7,FALSE,FALSE,244.6,98.1,21-08-2024
72dd3b65-3820-43dd-9693-d219c2bcc385,18-25,25,60,Female,West,Former Smoker,Weekly,25.8,136.8,FALSE,FALSE,194.6,98.9,31-10-2025
085b7687-fc4e-4ac4-abfb-d5039aabe9ab,60+,63,76,Female,West,Former Smoker,Weekly,32.1,147.9,TRUE,FALSE,240.1,145.3,24-10-2025
85bd1f8d-96ee-4d8e-a05b-7193368613dc,26-35,33,73,Other,North,Smoker,Daily,25.3,152,FALSE,FALSE,201.6,117.1,25-12-2025
4c1fcaad-f762-4cef-a99c-ab543c84907b,26-35,31,73,Male,West,Former Smoker,Weekly,34.4,147.9,FALSE,FALSE,278.8,93,10-01-2025
766487ba-1be6-4352-8254-eeaa1aa2a6c5,26-35,29,69,Female,East,Non-Smoker,Weekly,22,138.9,FALSE,FALSE,204.6,106.1,30-12-2025
787587e0-ad75-4fd8-b735-1c57d391ab5a,60+,68,68,Male,East,Non-Smoker,Weekly,24.9,151,FALSE,FALSE,216.3,103.1,02-09-2024
4783f51f-3c00-44e2-b6b2-eb7ce2e98556,36-45,40,99,Male,South,Smoker,Daily,26,152,FALSE,TRUE,243.3,98.2,29-10-2024
89809c42-d43c-435d-a489-1dbdc41e2ac1,26-35,32,83,Female,West,Non-Smoker,Weekly,23,135,FALSE,FALSE,218.9,81,08-02-2025
2b4b764d-4a36-4a8c-aa9f-3b99a7cf3f8b,36-45,45,77,Female,East,Non-Smoker,Weekly,28.2,151.6,FALSE,FALSE,217.3,98.8,24-10-2025
f068fa72-26ea-4e8c-b588-deab5a44e781,46-60,51,69,Other,South,Non-Smoker,Rarely,25.1,130.1,FALSE,FALSE,237.7,91,08-12-2025
4886ae21-c1aa-4fd7-9dac-0d11c4e6c253,18-25,19,81,Female,West,Smoker,Daily,25.9,134.5,FALSE,FALSE,193.6,91,21-01-2024
2f2ab9df-7e91-41e5-867b-38e532186d5e,46-60,49,75,Male,North,Smoker,Weekly,22.1,164.9,FALSE,FALSE,217,88,13-09-2024
37371669-d199-437a-a975-17e2197ea5dd,36-45,40,68,Male,East,Non-Smoker,Weekly,30,138.6,FALSE,TRUE,179.8,97.2,02-02-2025
66bf7fd2-6797-4d98-b9ea-425c8285fcaf,60+,80,64,Female,North,Non-Smoker,Rarely,28.8,157.3,TRUE,TRUE,221.7,132.2,12-06-2025
799aa9ea-96d0-46cf-a939-9e299fd0d709,36-45,39,67,Male,West,Non-Smoker,Weekly,25.9,138.4,FALSE,FALSE,249.3,100.2,20-02-2024
f4daa16e-05cb-490d-a7e9-8fdce0aa8e99,60+,68,45,Male,East,Non-Smoker,Rarely,15.1,137.5,FALSE,TRUE,251.5,82.4,22-03-2025
fca5ccc3-16c0-4f4f-bc0d-5962f5490952,36-45,42,71,Male,West,Former Smoker,Rarely,24,122.6,FALSE,FALSE,218.8,84.3,26-09-2024
e72aa816-ff5b-4929-a298-651957cb056f,60+,75,62,Male,North,Former Smoker,Rarely,19.6,152.4,FALSE,FALSE,268.9,105.9,17-08-2025
0b829d10-63ae-4857-b1ce-be04b78aea5b,60+,80,89,Male,East,Non-Smoker,Weekly,37,169.3,FALSE,FALSE,257.3,104.8,27-09-2025
7e200eb6-bb4f-49d0-a933-0e957dd296ba,60+,79,68,Male,North,Former Smoker,Weekly,32.3,164.1,TRUE,TRUE,252.8,148.7,18-09-2024
cf585283-f878-4168-a46b-e7a022ee40a0,60+,78,53,Male,West,Non-Smoker,Rarely,17.2,153,FALSE,TRUE,230.4,103.8,30-12-2024
5253f28b-4f7b-4025-86c5-15430e4aa809,36-45,39,67,Male,West,Non-Smoker,Never,26.6,143.2,TRUE,FALSE,211.7,133.7,18-02-2024
b5d7f271-6fce-4f67-9bec-f43c91930261,60+,75,54,Other,North,Non-Smoker,Rarely,25.1,167.3,FALSE,FALSE,234.6,119.4,01-06-2025
679520d3-e097-4075-b155-6339371834aa,60+,75,74,Male,East,Non-Smoker,Weekly,26.1,157,TRUE,FALSE,263.3,130.8,20-09-2025
484c0615-a016-43fc-8914-c27b64750c92,36-45,39,72,Male,North,Former Smoker,Daily,23.5,135.7,FALSE,FALSE,217.5,92.2,27-04-2024
1b3dbf66-3a82-4293-ad58-952a8b9593de,60+,66,80,Female,West,Non-Smoker,Weekly,29.1,154.1,FALSE,FALSE,252.4,114.6,28-03-2025
fe45f187-666d-4937-9d7d-ff55c946eae3,60+,69,58,Male,North,Non-Smoker,Rarely,22,158.6,FALSE,TRUE,250.4,107.6,02-10-2025
a0e793af-a617-4b56-81ce-9ec30c8709ca,46-60,59,68,Female,West,Non-Smoker,Weekly,24.9,163.4,FALSE,TRUE,234.4,100.4,31-01-2025
4abee1a5-cac7-44d3-a774-1a009a985d25,18-25,23,50,Female,North,Smoker,Weekly,18.8,129.9,FALSE,TRUE,183,106.4,13-11-2025
625ebb8d-c15a-4db1-bb06-b66c328069b1,26-35,32,77,Male,East,Former Smoker,Rarely,32.7,144.5,FALSE,FALSE,196,99.6,27-01-2024
1027e33f-ce27-44ab-864a-bb186c819ed5,60+,71,75,Male,East,Non-Smoker,Weekly,29.4,162.1,FALSE,FALSE,245.3,107.3,11-12-2025
6b159a62-7302-4925-a2a4-525d99b63896,46-60,60,74,Female,North,Non-Smoker,Rarely,25,142.3,FALSE,TRUE,224.1,102.8,06-01-2025
0fa690ff-59fe-4265-b6c1-502ddc4a6efe,60+,77,68,Female,North,Non-Smoker,Weekly,23.5,158.1,FALSE,FALSE,239.7,95.4,06-04-2024
65a04cf3-f95d-49ed-b434-a36afd127eca,46-60,54,73,Male,East,Non-Smoker,Weekly,25.7,135.8,FALSE,FALSE,223.7,102.6,12-06-2025
6f381f55-e1a1-43fc-b54f-1a46577392a6,46-60,50,89,Female,West,Smoker,Weekly,36.1,143,FALSE,FALSE,300.3,120.8,15-11-2025
182d264f-7004-490d-8483-5d3585e813d6,18-25,25,64,Male,East,Non-Smoker,Rarely,23.5,137.8,FALSE,FALSE,172.4,99.9,04-09-2025
d96e6abb-8bc7-4e41-95bb-e2be807d195f,60+,70,70,Other,West,Non-Smoker,Daily,33.2,157.6,FALSE,TRUE,207.5,109.2,04-07-2024
b6ba9581-72cc-4a41-9f49-94cc7054cf58,60+,77,54,Male,North,Non-Smoker,Daily,19,156.8,TRUE,TRUE,237.9,128.7,26-11-2025
81826ced-8a10-4260-8d88-9cb4c8ba06e7,60+,61,57,Female,North,Former Smoker,Never,17.3,146.5,TRUE,TRUE,214.2,129.8,02-08-2024
3d909de3-a9fe-48bd-aee2-9fcb3a33c76a,60+,61,69,Female,West,Former Smoker,Daily,29.8,146,TRUE,FALSE,246.8,140.9,07-09-2024
ebab98fb-91c1-449f-988c-80b10ba97ba5,18-25,22,82,Female,North,Non-Smoker,Weekly,31.6,138,FALSE,FALSE,220.6,105.4,03-08-2024
5f3ad4de-3e64-45e5-a0fc-0279a0ff0d4b,46-60,56,65,Female,West,Non-Smoker,Weekly,22.4,136.7,FALSE,FALSE,246.3,97.1,29-01-2024
85df819a-c0e6-4506-a3a9-65fdd0d120f3,18-25,21,65,Male,South,Smoker,Weekly,20.2,148.1,FALSE,FALSE,172.9,96.1,11-04-2024
f717879d-42ff-4386-8541-97431c078738,18-25,23,63,Male,East,Non-Smoker,Weekly,23.9,121.7,FALSE,FALSE,187,100.1,02-05-2024
9dea3d31-e07a-4ba0-a65a-534cf33aa803,60+,62,61,Male,South,Non-Smoker,Daily,23.8,149.6,FALSE,FALSE,235.8,92.2,23-02-2024
2366dfac-9ffa-4356-b9d1-42547249d616,46-60,49,72,Male,West,Non-Smoker,Weekly,33.2,142.2,FALSE,TRUE,247,106.8,09-10-2024
9a8f8b5a-8b49-41ec-9ae3-36cd4429c37f,60+,69,49,Female,East,Non-Smoker,Weekly,17.4,155.5,TRUE,FALSE,266.7,106.4,05-09-2025
501fb6d6-8883-4f89-b54a-49726e954b70,46-60,47,85,Male,West,Smoker,Rarely,24.2,146.9,TRUE,TRUE,247.7,132.6,26-04-2024
3b9bf1b6-52ff-4548-874d-5f755a23ba94,60+,64,59,Male,East,Non-Smoker,Daily,20.5,145.5,FALSE,FALSE,222.6,107.4,07-09-2025
8e618de1-a31c-4130-9388-345f32b2740b,46-60,52,77,Other,East,Smoker,Weekly,27.7,162.1,FALSE,TRUE,219.7,110.1,10-07-2025
0a8b5a7f-f113-4327-8565-6bb1411b648c,60+,72,51,Female,East,Non-Smoker,Daily,17.6,152.1,FALSE,FALSE,214.1,96.7,23-04-2024
7f34ec22-b123-45cf-905f-530c06f45e92,46-60,57,77,Female,East,Non-Smoker,Weekly,27.6,156.2,TRUE,FALSE,217.3,134.5,26-06-2025
f2e5b12a-d238-41d4-a869-83ee35f73cd8,60+,69,77,Other,West,Smoker,Daily,30.5,155,FALSE,FALSE,267.6,121.4,06-11-2025
b761c0bb-404d-4b79-9c92-4cb71c7ada15,26-35,33,73,Male,East,Non-Smoker,Daily,23.8,125.7,FALSE,FALSE,210.6,111.2,01-12-2025
a6ec2e18-6738-4a8b-92ce-8ed43810d543,26-35,30,55,Male,East,Smoker,Rarely,19.2,139.9,FALSE,FALSE,181.8,93.7,19-10-2024
fd34e0ed-a9bb-4cfe-882c-aac67c14b076,60+,67,71,Female,South,Non-Smoker,Weekly,25.4,151.8,TRUE,FALSE,224.6,133.4,13-07-2024
0964d339-3fb4-4ae9-a226-a0e276b4a1a7,60+,77,53,Female,North,Non-Smoker,Never,21.4,162.2,TRUE,FALSE,252.4,142.7,18-10-2024
ec4bc15c-3205-4fef-ae8a-b75c6df1c215,46-60,59,65,Male,North,Smoker,Never,20.1,151.9,FALSE,FALSE,238.4,84.7,17-09-2024
b1fb5cf6-b77c-4b1e-8500-dfd301f9a0d4,46-60,47,81,Female,South,Former Smoker,Weekly,26.9,148.5,TRUE,FALSE,237,126,25-07-2024
9974fd7f-80ba-420c-ae69-d335cb6fa037,36-45,36,78,Male,South,Smoker,Daily,29.9,134,FALSE,FALSE,236.5,114.3,17-07-2025
17792e94-400e-451e-afef-c795de3a6a0c,26-35,34,68,Male,West,Non-Smoker,Weekly,21.7,154.4,FALSE,FALSE,235.6,105.8,18-02-2024
a4edbcd2-f671-4b33-88be-0f031cb5b831,60+,73,55,Female,West,Non-Smoker,Rarely,21,153,TRUE,FALSE,236,134.4,06-01-2024
3030972e-a5be-4a54-8024-38724d3ea587,60+,80,76,Female,West,Non-Smoker,Weekly,30,169.8,TRUE,FALSE,242.3,121.8,13-01-2025
e81aa0ca-ded8-48cc-9037-dee3c84cfc0b,36-45,36,68,Female,South,Smoker,Daily,26.8,139.1,FALSE,FALSE,205.9,98.7,28-01-2025
c0032fae-d2be-47ce-9a5f-87fce26df87d,36-45,45,45,Male,South,Non-Smoker,Weekly,20.2,144.2,TRUE,FALSE,214,119.3,11-08-2024
ef656262-fa0c-45af-8d9b-f58aa9b24fae,60+,75,78,Female,East,Non-Smoker,Rarely,26.5,147.2,FALSE,TRUE,192.2,109.4,23-01-2024
5dfbecba-f316-4e0b-a0bf-7e0125e659ca,60+,72,68,Male,West,Former Smoker,Rarely,30.8,164.5,FALSE,TRUE,246.5,99.8,18-10-2025
e13f238f-bf89-475c-83db-6dffc7965cd9,36-45,43,84,Male,West,Non-Smoker,Daily,35.1,147,FALSE,FALSE,225.8,94.8,19-04-2024
78faba4f-afe4-4075-98e7-17059feaffd0,46-60,54,54,Female,West,Non-Smoker,Rarely,25.2,148.9,FALSE,FALSE,196,80.9,24-12-2025
d66c07a6-2411-40e3-92a1-40b4a7496f94,36-45,43,45,Female,North,Former Smoker,Daily,16.3,144.2,TRUE,FALSE,188.1,134.9,06-07-2025
1cce555b-69a9-4117-9bb9-c800d3d8c212,60+,70,72,Female,East,Non-Smoker,Daily,26.3,145.5,FALSE,TRUE,253.1,101.1,02-02-2025
8afa5720-57a6-409f-aacb-9a5ab59b3719,60+,79,72,Female,West,Former Smoker,Rarely,26.9,154.9,FALSE,FALSE,254.2,108.6,20-06-2024
b6192cac-11bf-46f9-ab0a-7312f62b633a,36-45,40,46,Female,West,Non-Smoker,Daily,18.8,142.3,FALSE,FALSE,205.2,95.5,28-11-2025
9f415820-b246-4b8c-b8dd-4bbb23f8621f,60+,80,55,Female,West,Former Smoker,Weekly,22.8,177.7,TRUE,TRUE,250.3,122.3,26-12-2025
e4f283e1-1f40-459e-9eec-94a57f131f13,26-35,26,104,Male,North,Smoker,Daily,35.3,146.4,FALSE,FALSE,231.3,89.5,01-11-2024
ef13cc74-c6a5-41bf-9386-a444cad7a4d7,26-35,29,64,Male,North,Non-Smoker,Rarely,24.5,142.3,FALSE,FALSE,228.4,86.6,17-07-2025
c68b294a-b1da-445f-ac5f-b0e8616f794a,60+,70,78,Male,South,Non-Smoker,Rarely,26.9,156,TRUE,FALSE,240.3,126.2,04-08-2025
f3f1a6b6-760e-4dc3-a8eb-34e42679868a,18-25,18,60,Male,East,Non-Smoker,Weekly,24,149.2,FALSE,FALSE,165.3,98.1,08-12-2025
4fb318d6-bded-4ea2-a724-92de483a0fe2,60+,75,45,Female,South,Non-Smoker,Rarely,15.8,136.3,FALSE,FALSE,257.6,92.2,30-05-2024
1b101b73-9ef5-436c-98c0-b35ca9335c69,60+,75,66,Female,East,Non-Smoker,Daily,20.4,155.9,FALSE,FALSE,239.3,120.2,03-03-2025
bbaecb11-c312-4df3-becf-f110f631c439,18-25,18,65,Male,North,Smoker,Weekly,21.8,120.6,FALSE,FALSE,191.4,103.5,12-09-2025
e2b2efd0-751d-407d-a86c-c0f99e1ab50d,60+,64,63,Male,West,Smoker,Weekly,23.7,134.6,FALSE,TRUE,215.5,110.6,11-04-2025
52a451f8-43a4-4158-9ca0-ce6b8e4acb9c,46-60,51,67,Female,South,Non-Smoker,Daily,23.3,148.8,FALSE,FALSE,226.1,98.8,21-09-2025
6bb2c0ae-3746-42d4-8de7-0140c319b652,46-60,49,71,Male,West,Non-Smoker,Weekly,26.2,148.3,TRUE,FALSE,218.7,144.4,29-08-2025
4b2bf06c-2ac4-4be0-918b-e00ddf914bae,60+,79,66,Female,South,Former Smoker,Never,23.6,156.3,FALSE,TRUE,276.1,103,09-07-2025
5eea33c9-d84f-44bf-bc54-45a2af002cc5,60+,71,52,Female,North,Non-Smoker,Daily,19.4,151.6,FALSE,TRUE,220.4,101.1,07-03-2024
d2baf0e7-f2e2-4bdb-b1e7-ebb68dbc3b54,60+,65,74,Female,North,Former Smoker,Weekly,27.1,182.7,FALSE,FALSE,222.7,106.3,04-06-2024
faf9bea5-425f-40fa-b2fa-866d660fe14c,36-45,42,45,Female,North,Non-Smoker,Daily,15.7,134.8,FALSE,FALSE,218,101.2,24-07-2024
e473fd85-6665-4447-9204-bbd4fc9774d5,46-60,57,45,Female,South,Non-Smoker,Daily,18.2,150.1,FALSE,FALSE,233.6,104.6,03-06-2024
5eebcfef-3548-47a0-bd55-b28dca0a3e78,60+,62,78,Male,East,Smoker,Never,31.7,155.7,FALSE,FALSE,254.4,101.8,21-11-2025
608384f4-4800-4691-8a49-cbbcc5eabf04,60+,70,75,Female,South,Non-Smoker,Weekly,32,163,FALSE,FALSE,259,102.9,23-05-2025
38ecb199-7b86-43c9-9237-e88e46028929,18-25,18,67,Female,East,Non-Smoker,Weekly,29.4,133.1,FALSE,FALSE,201.8,103.8,25-07-2025
e840a12c-2907-48cc-8e3a-9e24a86fa00f,26-35,33,50,Male,South,Smoker,Rarely,20.9,137.7,FALSE,FALSE,217.8,102.6,14-03-2024
e01c76ca-a600-4c5c-bcf4-9fae3140f29d,60+,78,59,Female,South,Non-Smoker,Daily,20.8,173,FALSE,TRUE,258,99.5,18-02-2024
a7e1c1ca-89be-445e-9e2e-cd12648e9d03,46-60,56,65,Female,North,Former Smoker,Weekly,26,160.7,FALSE,FALSE,243.5,86.5,11-04-2025
88a2f981-5e4a-4c6e-9a0e-605fe92dc7d0,60+,80,47,Female,West,Non-Smoker,Weekly,15.9,155.6,FALSE,TRUE,225.5,99.1,07-08-2025
faa7858c-b5a2-4497-968b-1f915e0064fb,18-25,22,58,Female,West,Non-Smoker,Weekly,20.7,110.6,FALSE,FALSE,219.6,99.6,08-12-2025
1107be57-c3e1-4a5e-8c52-51f4cea563b1,36-45,39,76,Female,East,Non-Smoker,Never,35,145.1,FALSE,FALSE,179.5,122.3,27-06-2024
965ee15d-ab60-49a8-89c8-7e42e02f4d52,46-60,46,87,Female,West,Non-Smoker,Rarely,28.9,171.8,FALSE,FALSE,263.9,90.2,17-02-2024
4aeace1b-8eeb-44ed-aac3-1785d809ee3d,60+,72,63,Female,South,Non-Smoker,Weekly,20.5,151.6,FALSE,FALSE,195.6,98,12-03-2024
1a3f7c34-3853-4582-9a52-d2fedf3b067f,18-25,20,78,Female,South,Non-Smoker,Rarely,31.6,147.5,FALSE,FALSE,194.9,95.1,22-04-2024
e5142d65-971f-46e7-8abc-d5be9f137b0f,26-35,29,45,Female,North,Smoker,Daily,15.4,149,TRUE,FALSE,201,133.2,07-06-2024
27eacb2d-af9b-4b12-914a-43ce8384470a,36-45,43,77,Female,North,Non-Smoker,Daily,30.7,149.3,FALSE,FALSE,220.4,102.3,30-01-2024
4b66f850-374a-4618-89ca-822cd714698a,26-35,33,58,Female,West,Non-Smoker,Daily,20.6,128.7,FALSE,FALSE,220.8,86.2,06-04-2024
ae105f56-acfd-4a65-8d91-c088c5ab7628,60+,68,72,Male,East,Former Smoker,Weekly,30.2,136.3,FALSE,FALSE,225.1,112.4,07-09-2024
d23de6ab-5ae2-4707-8f68-d5d1edb7b0fb,46-60,54,65,Female,West,Former Smoker,Weekly,29.3,157.5,TRUE,TRUE,239.7,127.8,02-06-2025
576bb357-9cb7-4d20-8c2a-d9b915590d68,36-45,39,85,Female,West,Non-Smoker,Weekly,31.9,139,FALSE,FALSE,210.5,90.3,01-04-2024
1b1704fd-454b-469f-bc91-85ce48c81206,60+,74,57,Male,West,Non-Smoker,Never,20.7,156.3,FALSE,FALSE,237.5,93.8,22-04-2024
70314bac-be2d-4d99-9543-efc40b469e99,46-60,46,76,Female,West,Non-Smoker,Weekly,28.6,136,TRUE,FALSE,221.1,147.4,15-09-2024
087f7254-c3c6-4921-880e-3535f99c0318,26-35,31,64,Male,South,Former Smoker,Weekly,26.6,136.9,FALSE,FALSE,215,102.1,16-04-2024
2c66444c-7ccd-4d58-9946-57c8a5761948,36-45,45,66,Male,East,Non-Smoker,Daily,24.8,144.7,FALSE,FALSE,205,100.8,28-07-2025
4493e9c8-0905-4fb5-a28d-109ac826383a,18-25,22,66,Female,South,Non-Smoker,Daily,22.9,135.2,FALSE,FALSE,185.6,92.1,24-01-2025
d5ef9354-082d-47af-b7c1-670aac2692c6,60+,64,57,Male,East,Non-Smoker,Weekly,20.5,140.1,TRUE,TRUE,229.5,131.7,23-12-2024
39d15d27-3b04-4078-9a43-64dafd4f3f38,60+,66,68,Female,North,Non-Smoker,Weekly,23.9,164,FALSE,TRUE,249.2,105.8,17-07-2024
c1b32ec6-7818-4e67-ba23-4161fe619253,46-60,47,67,Female,West,Smoker,Rarely,26.1,145.7,FALSE,FALSE,219.4,103.7,02-03-2025
ea6bbf04-7478-4b04-81ce-ee81a4aaac85,60+,63,71,Female,South,Non-Smoker,Daily,22.2,135.7,FALSE,FALSE,208.2,102.7,22-04-2025
ff5df6a9-c52f-460d-9ab8-9a4be454a4e2,60+,79,69,Male,East,Non-Smoker,Daily,28.6,161.2,FALSE,FALSE,259.4,116.6,17-05-2025
0c49e4b8-bf61-4252-a03c-9911a4015d48,60+,69,78,Male,North,Non-Smoker,Weekly,26.4,156.5,FALSE,FALSE,235.7,105.2,19-10-2025
b35be556-d1f2-47a6-94a2-ad6d5611c3f5,18-25,22,80,Female,North,Non-Smoker,Daily,25,135.6,FALSE,TRUE,215.6,85.9,26-07-2025
67cff766-9df4-45d8-ba92-1edfc7bf31b1,26-35,29,54,Other,West,Non-Smoker,Daily,18.3,145.2,FALSE,FALSE,176.1,87.2,29-04-2024
6abf9149-2c89-4409-b85e-457b7fb1ccd7,26-35,33,79,Female,East,Non-Smoker,Rarely,29,139.6,FALSE,TRUE,177.7,80.1,26-07-2025
c3e93095-b2f3-4a31-a9e9-12de55df8c4d,36-45,43,53,Male,South,Non-Smoker,Daily,20.3,139.5,FALSE,FALSE,197,117.2,04-11-2024
17a09ecc-20d1-4e61-83c7-d758bacee1a4,36-45,43,76,Female,West,Former Smoker,Weekly,24.2,133.2,FALSE,FALSE,203.2,107.7,21-06-2025
0d9fae8e-569f-45c7-b499-694cde98ace1,60+,65,76,Female,South,Non-Smoker,Weekly,32.6,165.8,TRUE,TRUE,241.1,127.3,18-09-2025
74d7e8f5-9338-4eee-8dd7-ba288c416003,36-45,38,45,Female,North,Non-Smoker,Daily,18.2,138.6,FALSE,FALSE,188.1,92,19-04-2025
e1329a6e-7e5e-4330-8c4f-e8d75c8969fd,46-60,56,69,Male,South,Smoker,Weekly,26,151.3,FALSE,TRUE,252.8,96,05-07-2025
01c5778d-0915-4143-929b-e8e02bf1f5db,46-60,53,62,Female,South,Smoker,Rarely,19.3,132.3,FALSE,FALSE,219.9,113.6,09-12-2024
b3f31b78-61da-481e-8aa9-ea8d825d4f98,46-60,50,58,Female,West,Non-Smoker,Weekly,19.9,156.4,FALSE,FALSE,215.4,83.7,19-09-2025
2d649cbf-e275-4e3e-b7b0-9e043bbe275d,60+,79,86,Other,South,Non-Smoker,Rarely,34.7,155.1,FALSE,TRUE,259.5,112.4,15-05-2024
15e4938f-9523-466c-8aee-1153f98a01b8,46-60,47,60,Male,West,Former Smoker,Daily,22.3,138.3,FALSE,FALSE,222.6,97.6,03-10-2024
c74c466d-ce0f-4222-a7a9-d9c4942b293a,46-60,54,58,Female,North,Smoker,Rarely,22.4,155.1,TRUE,FALSE,230.6,136.3,16-06-2025
560017f1-1fdc-43e1-87fe-15d65025c606,36-45,40,69,Female,West,Non-Smoker,Daily,27,132.8,FALSE,FALSE,225.7,99,31-01-2024
368f6f9f-0d46-42d0-a43b-cc03aede9f38,60+,75,77,Male,West,Non-Smoker,Rarely,24.6,144.3,FALSE,FALSE,222.2,87.4,03-09-2024
0b5c84b1-05d0-4cfa-a10a-43a2a3b28515,26-35,27,66,Female,East,Smoker,Weekly,28.1,124.3,FALSE,FALSE,247.4,95.8,14-02-2025
65dda8ed-7fd9-4ac5-a97b-cc159d704171,60+,71,83,Female,South,Smoker,Never,24.8,167.6,FALSE,FALSE,242.7,94.7,27-01-2024
66660da5-1685-42e5-aef1-0a34b7927841,18-25,22,75,Male,North,Non-Smoker,Weekly,24.4,128.9,FALSE,FALSE,171.9,96.2,13-03-2024
7a906ddc-9070-46b8-b886-5e2a0ae8c2cf,46-60,53,45,Male,West,Non-Smoker,Daily,14.2,167.4,TRUE,FALSE,209.8,137.7,06-04-2024
5ebba570-4bb4-4d8a-a95a-071a6f7aaa8b,46-60,51,61,Female,North,Non-Smoker,Daily,23.1,137,FALSE,FALSE,200.9,82.5,03-11-2025
6a9f75fd-a6b1-41b9-93b9-4488efc7f598,60+,69,61,Male,East,Non-Smoker,Rarely,22.3,145.3,TRUE,TRUE,243.5,122.7,11-12-2024
23b2dfe4-e4b4-4ddb-ba0c-daeba8423856,46-60,48,74,Female,South,Non-Smoker,Weekly,31.7,145.1,FALSE,FALSE,272.7,98.5,20-04-2025
ec600f37-4d67-47d2-8d94-8de193e619a4,26-35,27,45,Male,West,Smoker,Rarely,17.2,138.5,FALSE,FALSE,187.3,88.5,26-10-2024
9e5ac8a4-e914-41e2-b82f-9d009dc9d9b9,60+,75,101,Female,South,Non-Smoker,Daily,34.2,159.7,TRUE,TRUE,259.2,145.7,25-10-2024
2732f6ff-96bc-4254-a6ad-aec476df1c99,36-45,36,75,Male,East,Former Smoker,Weekly,23.2,144.8,FALSE,FALSE,176.7,95.5,13-10-2024
4a68beb1-1000-417a-afc1-7042ea2965bc,60+,75,70,Female,East,Non-Smoker,Daily,28.8,151.7,FALSE,FALSE,253.5,111.5,24-03-2025
012928c3-321a-4469-b2e6-b59453913157,46-60,49,83,Other,North,Non-Smoker,Never,31.1,137.8,FALSE,TRUE,210.7,97.7,30-07-2024
21904259-2b06-415d-9220-2895f62559ff,18-25,18,98,Other,West,Non-Smoker,Rarely,35.8,123.2,FALSE,FALSE,199.7,103.2,16-03-2024
96f2841f-3aeb-4abc-8a3e-c4e1be41ae76,60+,73,79,Female,North,Non-Smoker,Never,33.7,142.7,TRUE,FALSE,228.3,145.5,04-02-2025
f8bf8efe-e5b9-4b8c-a8de-017822652ac7,18-25,22,80,Male,East,Non-Smoker,Weekly,26.8,130.7,FALSE,FALSE,216.3,89.4,16-10-2025
15dbeaf2-afc5-4b01-a319-eb97b60d2ee6,60+,62,70,Female,South,Non-Smoker,Weekly,27.4,151,FALSE,FALSE,252.7,112,03-02-2024
8928db98-c05a-4a0a-8d0c-88e0b733b58f,18-25,21,66,Male,North,Former Smoker,Rarely,24.2,127.5,FALSE,FALSE,202.5,95.6,12-05-2025
31c20598-77e4-4486-a568-631c78a1b746,26-35,33,62,Male,North,Smoker,Weekly,23.5,154.3,FALSE,FALSE,199.7,107.3,30-05-2025
894d6f40-35c8-4dc7-b0e0-83b5c957b7d6,36-45,41,57,Male,South,Smoker,Rarely,22.5,157.1,FALSE,FALSE,253.3,95.7,23-11-2024
50dfd658-3cb8-4459-a24e-eaa3c462b646,26-35,33,59,Female,North,Non-Smoker,Never,21.2,133.6,FALSE,FALSE,186.5,99.4,07-04-2024
846965d7-f5f9-47a7-9e68-784dc83dfce2,60+,72,50,Female,South,Former Smoker,Rarely,18.4,136.2,FALSE,FALSE,188.4,100.7,31-12-2024
31d78926-8106-4b7e-8596-a4b1af0de2b4,18-25,19,67,Female,West,Smoker,Rarely,25.1,132.8,FALSE,FALSE,218.1,94.3,29-12-2025
115daef2-26b5-4104-9710-36ffc1de3b93,60+,66,46,Male,South,Non-Smoker,Weekly,18,144,FALSE,FALSE,199.4,102.4,07-04-2025
91641f3f-2ee4-4a0c-83fd-cd664ab8fb1b,36-45,45,70,Male,West,Smoker,Weekly,24.2,143.1,FALSE,TRUE,246.8,104.8,28-01-2024
118bfbd3-4d9f-4440-820f-337eb1fc478f,46-60,49,68,Other,South,Non-Smoker,Never,20.2,136.9,TRUE,FALSE,204.4,113.4,13-12-2025
df52ee0c-fe97-4c5e-94bd-2f963758026f,36-45,44,70,Male,East,Non-Smoker,Daily,24.7,138,FALSE,FALSE,227.1,113.8,20-01-2025
aae67719-1da7-4ee7-90dd-5e234fd188c2,36-45,37,61,Male,East,Non-Smoker,Rarely,19.5,133.8,FALSE,TRUE,230,76.8,29-09-2024
f1fba22e-ec55-4533-acbb-ea4cbfb61610,36-45,41,108,Male,West,Non-Smoker,Rarely,46.1,150.7,FALSE,FALSE,220.7,103.9,06-05-2024
398e1526-01ff-4047-9a66-e1211b785dd1,26-35,29,86,Female,West,Non-Smoker,Weekly,30.3,142.6,FALSE,FALSE,200.9,98.9,20-07-2024
ab0f2aed-f048-412a-b57d-442376094010,60+,67,52,Female,East,Smoker,Never,21.4,160.3,FALSE,TRUE,237.8,106,04-06-2025
12169fa0-730f-4c78-a303-ce44189a4d4f,46-60,52,71,Male,West,Non-Smoker,Weekly,30.6,143.1,TRUE,FALSE,260.7,148,13-10-2024
13330f4a-332b-4813-9c5c-d5e4f60ca9c7,60+,77,60,Male,South,Non-Smoker,Weekly,23.6,169.4,FALSE,TRUE,225,86.3,25-03-2025
736340e5-016c-4358-bad4-b73b4d1a715b,46-60,50,55,Female,South,Former Smoker,Daily,17.2,132.9,FALSE,FALSE,201.4,91.4,28-03-2024
78375528-6a22-4ecd-9df6-53f0dc5171f7,46-60,50,51,Female,East,Former Smoker,Weekly,16.4,126.6,FALSE,FALSE,221.7,74.8,13-11-2024
8ba76191-bf34-4c10-8be5-4844483193a3,60+,78,74,Male,North,Smoker,Weekly,25.8,168.3,TRUE,TRUE,242.7,134.5,19-01-2024
25371ba9-aec2-4e27-8186-5298fba54a59,60+,68,59,Female,South,Former Smoker,Weekly,25.6,147.9,TRUE,FALSE,242.5,135,15-08-2025
5e2ee1e9-306a-4998-8c3e-e3939d267df0,46-60,60,81,Male,West,Non-Smoker,Rarely,29.7,157.2,FALSE,FALSE,203.5,121,16-04-2024
3b6e8e50-33cb-44d0-bac9-89d502c582cd,46-60,54,81,Male,North,Non-Smoker,Never,28,128.9,FALSE,TRUE,271.8,104.3,02-04-2025
ece927e6-50c2-484e-92f7-083347c0a90f,26-35,29,86,Female,North,Non-Smoker,Daily,30.2,153.2,FALSE,FALSE,185.1,110.3,06-11-2024
fe19158e-7cdc-4512-9a9f-13e320bfe52c,18-25,20,57,Male,South,Non-Smoker,Weekly,25.8,139.8,FALSE,FALSE,192.3,101.6,15-02-2025
3d17804a-1f0c-44b0-8b3b-f7ecf666758f,18-25,18,74,Female,South,Non-Smoker,Never,29.6,121.8,FALSE,FALSE,202.3,93.2,15-09-2025
9f32a3b1-6e9e-486d-b5ff-3ebbe770da63,46-60,50,76,Male,North,Smoker,Daily,27.5,140.1,FALSE,FALSE,274,88,26-09-2025
47e80e4a-1254-47a2-bb59-340e91b8f4cd,46-60,57,62,Male,North,Non-Smoker,Daily,20.9,162.3,FALSE,FALSE,192.6,102.5,12-05-2025
42af9df7-5d52-4802-a97c-6e009ad0d530,26-35,27,58,Other,East,Non-Smoker,Daily,27.6,131.5,FALSE,FALSE,246.3,83.1,31-08-2024
fd162b0e-df95-4238-8652-dcef2937b677,46-60,60,89,Male,West,Non-Smoker,Weekly,32.5,148.6,FALSE,TRUE,253.9,119.6,20-11-2025
1b2220ba-a1b1-4180-985e-a8f8a60b0b94,60+,61,71,Female,East,Non-Smoker,Daily,25,131.3,FALSE,TRUE,236.6,101.1,30-07-2025
d8a161ff-4c72-40c0-873d-9cfbb61685f5,46-60,46,76,Male,South,Non-Smoker,Never,24.7,141.6,FALSE,TRUE,196.9,111.8,14-01-2025
6c45b2da-70b6-479a-878e-2f695b32729a,26-35,30,57,Male,East,Smoker,Weekly,18.8,136.7,FALSE,FALSE,219.1,88.9,29-05-2025
7775bf8e-ae48-453d-9cbc-03bc24851a00,26-35,29,52,Male,East,Former Smoker,Weekly,17.4,138.8,FALSE,FALSE,183.4,95.5,25-07-2024
4711ba7c-3900-42a2-8e49-107108aded89,46-60,48,61,Female,East,Former Smoker,Daily,24.1,132.7,FALSE,TRUE,247.5,102,28-01-2025
159d5d1f-e38d-4a2c-9a0d-f9ffc5f40c24,60+,63,66,Male,East,Non-Smoker,Weekly,30.2,142.3,TRUE,FALSE,218.1,133.5,21-01-2024
620205de-f573-4f57-8261-e5d2a761a8e5,18-25,19,54,Female,West,Former Smoker,Rarely,20.3,133.8,FALSE,FALSE,192.4,88.3,10-06-2025
18b60a22-2909-46a2-bfcb-ad2e05de11a1,60+,78,68,Male,West,Non-Smoker,Rarely,21.7,166.3,FALSE,FALSE,224.9,107.9,08-12-2024
0d36530c-06c6-4823-ad13-d34a41a5e318,60+,68,46,Other,North,Former Smoker,Rarely,14.1,133.6,FALSE,FALSE,202.4,88.7,18-12-2025
09d59f18-5d68-48a1-9df3-e890a31264fa,60+,67,53,Male,South,Smoker,Weekly,17.5,164.3,FALSE,FALSE,248.3,87.6,20-07-2024
47ac4e91-1217-4c04-bd8f-adae1bc7669b,46-60,52,77,Female,East,Non-Smoker,Never,26.2,148.8,TRUE,TRUE,234,142.2,29-04-2024
adc90f66-a1ef-456a-9d30-d656b9c2d0b2,36-45,40,76,Female,North,Non-Smoker,Rarely,26.1,152.8,FALSE,FALSE,238.3,106.8,10-10-2025
b900219a-d51f-45ea-9028-ad717547b975,26-35,34,63,Female,North,Non-Smoker,Rarely,24.2,138.4,FALSE,FALSE,171.2,98.1,23-01-2025
dd029369-e709-4e93-b19c-a0803943d4f7,36-45,43,55,Female,North,Smoker,Daily,20,122.6,FALSE,FALSE,240.5,113.4,20-06-2025
810fa4a6-e943-40f2-a825-4bc13819818e,18-25,25,55,Female,West,Non-Smoker,Daily,16.3,128.5,FALSE,FALSE,238.3,88.8,21-08-2024
36011134-9455-4886-89ef-0eebf51fee78,46-60,46,63,Female,East,Non-Smoker,Daily,25.4,154.8,FALSE,TRUE,208.6,113.5,24-09-2025
bac13bb3-5175-4587-90e8-829303ead0f5,36-45,43,76,Male,East,Non-Smoker,Rarely,22.7,134.1,FALSE,FALSE,249.2,100,24-08-2025
8ef0be70-9b36-4738-8061-566b5a06f7e0,26-35,27,80,Male,South,Smoker,Weekly,29.8,141,FALSE,FALSE,216.7,89,15-11-2024
21e8d2c2-0c9d-4ae4-bd0e-7e3ca481cfe4,36-45,43,62,Female,East,Former Smoker,Weekly,19.1,138.2,FALSE,FALSE,183.5,114.7,12-12-2025
b8444711-62a1-420c-9f32-9b66b2604419,60+,79,53,Female,East,Non-Smoker,Rarely,22.7,132.2,FALSE,TRUE,232.2,114.6,28-06-2024
dff82e85-3c1f-4c34-8125-381e9f36f55d,46-60,51,71,Female,North,Non-Smoker,Rarely,23.8,161.5,FALSE,FALSE,239.9,99.1,02-01-2025
4289dcaa-32fe-4b35-ae92-00086881b1aa,60+,68,57,Female,South,Non-Smoker,Never,22.4,145,FALSE,FALSE,212.8,109.8,16-03-2024
1d0b35bf-2125-4395-98ac-85d0c4cc44bb,46-60,58,61,Male,East,Non-Smoker,Weekly,26.1,155.6,FALSE,FALSE,215.6,98.8,10-10-2025
cabbfa09-42db-4614-a905-9f457026e528,18-25,24,85,Male,West,Non-Smoker,Rarely,29.7,137.3,FALSE,FALSE,219.4,106.9,11-10-2025
195cc8ed-b2f9-4b5d-a1a0-fe502ec20e94,18-25,21,79,Female,East,Former Smoker,Weekly,25.2,145.1,FALSE,FALSE,203.6,71.7,10-05-2025
04eb2166-4849-44c3-85ac-c9f45bfc9b3a,60+,75,70,Male,North,Non-Smoker,Daily,27.8,163.5,FALSE,TRUE,254.6,96.6,05-06-2025
ad12a9cb-fc4b-4085-82db-44d77b60c72d,60+,70,51,Male,West,Non-Smoker,Daily,22.1,151.8,FALSE,TRUE,235.4,112.5,19-07-2024
fb507051-1718-4590-8886-c609af1a7da1,60+,67,71,Female,North,Former Smoker,Weekly,25.7,146.8,FALSE,TRUE,248.4,101.7,11-12-2024
0844c3a7-f9ec-4f42-8cc2-665a289267d7,60+,62,82,Male,East,Non-Smoker,Weekly,29.7,162.4,FALSE,TRUE,227.4,107.6,27-04-2025
9a49af4e-0e1b-425b-8188-d15ba7febfb5,26-35,28,63,Female,West,Smoker,Rarely,21.2,122.5,FALSE,FALSE,214.4,81.2,06-08-2024
1531f941-378f-47f0-9b2d-2f157b9f5d9f,46-60,46,86,Male,South,Smoker,Daily,27.6,157.5,FALSE,FALSE,214.4,119.9,29-02-2024
20964495-543f-4d4f-ba6c-6faf183be1d0,60+,73,85,Female,South,Smoker,Rarely,30.7,155.9,TRUE,FALSE,283.6,147.9,20-10-2025
a92f0b34-980a-4c3c-be00-e3765d66cf4e,46-60,53,90,Male,West,Non-Smoker,Weekly,26.1,160.1,FALSE,TRUE,211.2,99.9,10-09-2025
d35dfddc-f3b6-473a-aab1-5f74b715cfd6,36-45,42,72,Male,West,Non-Smoker,Weekly,25.1,144.7,TRUE,FALSE,236.7,123.3,03-07-2025
2b153fd0-f125-4683-989b-2d66e882390d,36-45,38,76,Male,North,Smoker,Weekly,28.4,154.4,FALSE,FALSE,223.4,110.8,07-10-2025
a1ce1520-8b76-402e-9f86-c8f87e6d6e3a,60+,78,86,Male,West,Former Smoker,Weekly,37.8,168.4,FALSE,TRUE,269.2,132.7,08-08-2024
0c08b511-0a96-4d31-8ae3-1b269c3ee926,60+,74,74,Male,North,Non-Smoker,Weekly,27.4,143.3,FALSE,TRUE,231.7,115.9,16-05-2025
2e55730e-5ae6-4af8-ab23-a25292e2946a,46-60,53,61,Male,East,Non-Smoker,Weekly,22.8,138.9,FALSE,TRUE,198.6,121.8,12-05-2024
a3cfd3fc-b3c9-40b6-9ac1-471eadeddc7c,26-35,27,62,Female,North,Non-Smoker,Daily,19.9,139.1,FALSE,FALSE,160.2,84.6,22-02-2024
870cded6-9288-4cd9-9228-b41eacda2cb0,46-60,54,71,Male,West,Non-Smoker,Daily,24.1,149.5,FALSE,FALSE,200.5,92.8,25-03-2025
d08cc053-4f4e-442d-aef9-e1fab18c2044,26-35,26,51,Female,West,Smoker,Weekly,21.2,149.1,FALSE,FALSE,201.8,82.5,02-03-2024
9a2093e5-680c-4097-a44c-9a26f65e1b97,36-45,41,66,Female,East,Non-Smoker,Never,23.2,145.2,FALSE,FALSE,214.8,102.6,23-01-2024
d01b838d-52a4-493e-8689-a8ba0238f2ce,46-60,52,82,Female,West,Former Smoker,Weekly,27.2,140.4,FALSE,FALSE,250,104.1,13-02-2024
85a9679e-2c52-4221-aa4b-5df5810c1e56,60+,66,45,Male,West,Non-Smoker,Rarely,13.5,139.3,FALSE,FALSE,205.8,95.8,11-07-2025
fce52bdf-189c-4dfa-b7e6-6a8eb3b6adc9,46-60,52,88,Female,South,Non-Smoker,Rarely,28.4,150.8,FALSE,FALSE,209,111.1,20-10-2025
30d2154e-1874-4702-85d8-c9494e8e551b,60+,65,83,Male,South,Non-Smoker,Never,27.2,134.1,TRUE,TRUE,205.7,145,28-12-2025
2b6f58c8-c54b-4562-855c-041bd0fc6023,46-60,53,62,Male,East,Smoker,Rarely,22.1,166.3,FALSE,FALSE,239.5,84.4,16-02-2024
3d37296d-336e-4ae9-bc4b-411d70a8513e,26-35,35,75,Other,North,Smoker,Weekly,25.7,149.4,FALSE,FALSE,249.5,92.5,24-01-2024
75044007-6296-4124-9ec3-27dcc63ba4e5,60+,66,68,Male,South,Non-Smoker,Rarely,21.1,162.5,FALSE,TRUE,251.5,109.7,18-10-2025
8020adf0-67b2-4480-b105-0935d7f001b8,46-60,56,84,Female,North,Non-Smoker,Rarely,35.6,142.1,FALSE,TRUE,254.6,103,29-03-2024
df74b0fb-b48f-4530-bf28-5fe1754ccaa3,46-60,49,81,Female,West,Smoker,Weekly,30.3,165.9,FALSE,FALSE,252,95.5,22-06-2024
06fe9e1c-cb5a-47a5-9656-8968c3cd4b5c,36-45,41,50,Female,South,Former Smoker,Weekly,19.7,159.3,FALSE,FALSE,244.3,106.4,29-07-2025
854570e4-5150-4e05-a916-d075bce944d2,36-45,40,76,Female,East,Former Smoker,Daily,26.1,131.1,FALSE,FALSE,225.8,86.7,28-04-2024
471ab52b-ff57-4b11-8aaf-a81de692d4bb,60+,79,65,Male,East,Non-Smoker,Rarely,20.2,163.6,FALSE,TRUE,247.5,100.3,29-10-2025
5d709a01-07bd-4d81-8460-5b6190b63ad3,46-60,49,69,Male,East,Former Smoker,Rarely,26.6,147.3,FALSE,TRUE,220.2,104.7,26-06-2024
4d331d0a-2efd-4ad6-ac52-1c3a518b92e8,46-60,54,59,Female,South,Non-Smoker,Daily,28.1,136.7,FALSE,FALSE,200.4,97.4,07-12-2024
03335756-1654-40a4-a71f-0e764fa809d4,26-35,29,91,Male,North,Former Smoker,Weekly,34.3,147.8,FALSE,FALSE,209.5,109.9,21-07-2025
231cf123-eca8-4b50-83bd-3193da450596,60+,66,82,Male,West,Non-Smoker,Weekly,26.4,162.4,TRUE,TRUE,233.9,126.7,28-02-2024
1b293e60-fddc-494f-8027-c6b4d34bb7ec,60+,72,58,Male,North,Former Smoker,Daily,19.5,147.7,FALSE,FALSE,234.5,115.8,13-03-2025
2996d0a5-0a55-4ca6-b44f-06fef0fbd917,26-35,30,51,Male,North,Former Smoker,Never,17.4,143.3,FALSE,FALSE,237.1,91.7,03-03-2025
92ff93ec-3489-4761-968a-491f0ab6da7f,36-45,40,63,Male,West,Non-Smoker,Daily,23.4,126.2,FALSE,FALSE,211.7,104.8,01-03-2025
806bbdb5-1b1d-4cc7-9901-b12b8d6ccd4d,36-45,42,74,Male,West,Former Smoker,Daily,31.1,133.7,FALSE,FALSE,251.7,110.1,15-01-2025
e67d1f30-a3b8-4d2c-97bf-3a45657763d8,46-60,52,71,Female,South,Non-Smoker,Weekly,24,148.2,FALSE,TRUE,211.3,94.3,30-04-2025
e0132205-c223-43b8-a2fa-befd19901c4d,46-60,58,84,Female,South,Non-Smoker,Rarely,33.4,156,FALSE,FALSE,232.4,86.3,03-07-2024
5fcb241e-963c-4819-983a-07c4a5ed6e5b,46-60,47,78,Female,South,Non-Smoker,Daily,21.9,136.9,FALSE,FALSE,186.5,102.1,12-07-2025
230c0306-bbad-4ffe-bd07-2ad69c5ab2a7,26-35,34,81,Male,South,Non-Smoker,Rarely,27.2,148.3,FALSE,FALSE,196.5,99.8,04-04-2025
374c68e0-c1bf-41c9-9d2d-dae0a3b4463d,60+,66,72,Male,South,Smoker,Weekly,27.7,165.5,FALSE,FALSE,258.6,110.7,11-04-2024
0b862060-c852-4e3f-baab-2038e472dcf6,60+,79,50,Male,West,Non-Smoker,Daily,19.3,163.8,TRUE,TRUE,233.4,128.6,09-07-2025
85c5a264-a31e-4b58-b9d4-319250e0bd42,36-45,37,65,Female,North,Former Smoker,Daily,23.6,138.9,FALSE,FALSE,232,93.3,15-01-2024
fb1c7a19-33a1-41ad-8ccd-809d70ae0549,60+,65,82,Female,South,Non-Smoker,Weekly,30.3,162.4,FALSE,FALSE,242.8,126.4,20-02-2024
f317189f-d1da-46a1-b7cc-a7fc0aaf210a,36-45,42,67,Male,South,Non-Smoker,Weekly,21.1,136.6,FALSE,FALSE,201.1,82.4,04-11-2024
a694ba53-df4c-409b-b754-77ade0ae7535,36-45,39,75,Female,North,Former Smoker,Never,26.3,161.1,TRUE,FALSE,261.7,134.8,03-02-2024
4060f084-41dd-4b5b-8689-23972930b9e1,26-35,30,64,Male,South,Former Smoker,Rarely,25.1,130.5,TRUE,FALSE,208.3,119.5,27-09-2025
9acf2d57-1c0d-424c-9398-c23e78ee00f6,60+,76,55,Female,North,Former Smoker,Never,15.9,171.5,TRUE,TRUE,254.1,125.1,11-08-2025
241e9de5-478d-4a93-9578-7f43a9452fd2,36-45,36,66,Female,North,Non-Smoker,Weekly,23.5,139.8,FALSE,FALSE,199.2,94.2,26-09-2025
aace8a71-c025-4981-b245-0a4bbca1aadc,60+,66,72,Female,West,Former Smoker,Never,23.6,140.7,TRUE,TRUE,249.1,122.8,23-07-2024
1ac192a2-38b0-4d8a-a27f-2f6784bb9ffa,46-60,53,59,Female,East,Non-Smoker,Weekly,22.8,159,FALSE,FALSE,237.5,105.8,10-03-2024
eef12aa2-2943-46ee-b217-18f6f8c73332,26-35,29,65,Female,West,Smoker,Weekly,22.3,141.7,FALSE,FALSE,216.4,109.4,17-08-2024
7e9d12b6-6b59-46ba-b5ba-c383f964d2ee,60+,78,56,Male,East,Non-Smoker,Daily,19.4,163.4,TRUE,TRUE,185.5,135.4,24-04-2025
6ae3084b-2456-40d6-b601-255d9bd4e5c6,46-60,58,83,Female,East,Non-Smoker,Daily,37.8,169.7,FALSE,TRUE,245.6,110.3,16-06-2025
a4261ecf-fde3-4779-8614-121d587121f8,36-45,36,64,Male,East,Non-Smoker,Rarely,18.3,139.1,FALSE,FALSE,224.1,84.7,17-04-2024
aca495ed-0f72-43b7-9c93-3fad3d338f0d,26-35,29,87,Female,South,Non-Smoker,Weekly,26.9,133.2,FALSE,FALSE,217.6,103.2,28-08-2024
d538acfe-81dc-42ee-b573-4a4b596eab61,26-35,26,88,Female,West,Non-Smoker,Daily,33.1,150,FALSE,TRUE,223.1,122.4,07-09-2024
d79a3ea7-553f-4d78-9897-8a556cc7bc5f,18-25,24,67,Female,East,Smoker,Weekly,27.5,141.7,FALSE,FALSE,181.8,93.6,14-05-2024
8c41084a-9d20-4477-8d8e-4e5a7d38758f,36-45,45,55,Male,North,Non-Smoker,Weekly,18.9,146.7,FALSE,TRUE,192.7,92.7,30-03-2024
c9090a4d-38db-4e43-8139-6f8923b88ae4,26-35,31,45,Female,South,Non-Smoker,Weekly,16,113,FALSE,FALSE,200.5,86.8,13-08-2025
710d629c-c746-4442-b573-308ccfb7ece7,46-60,48,49,Female,West,Non-Smoker,Weekly,16.8,144.5,TRUE,TRUE,214.4,119,15-03-2025
c7f41bb9-3f56-4d57-bcea-eec87463746a,60+,69,50,Female,East,Smoker,Rarely,17.5,149.7,FALSE,FALSE,259.3,72.6,19-11-2025
f1d26a10-70b7-4d79-82d0-1ff830fdc999,36-45,36,86,Male,North,Smoker,Rarely,29,162.9,FALSE,FALSE,224.6,104.5,24-10-2024
3f5d02b6-d93e-41a6-acfa-d72792be0a83,60+,75,70,Male,West,Non-Smoker,Weekly,21.3,161.2,FALSE,TRUE,241.3,94.8,10-02-2025
ad668d8b-7131-4a3b-86f6-4e14c349bb19,60+,64,73,Male,West,Former Smoker,Weekly,24.5,154.9,FALSE,FALSE,235.1,86.9,03-11-2024
44e2034e-8cb1-4aac-bf64-e0932891380b,26-35,33,45,Male,South,Non-Smoker,Weekly,18.4,139.2,FALSE,TRUE,177.6,101.6,11-04-2024
3d5f8553-c091-4b1d-bf1b-0d31b2088d72,60+,70,52,Female,West,Non-Smoker,Rarely,15.9,140.8,FALSE,FALSE,176.2,88.5,26-12-2024
eaaefff3-0e94-406d-ae28-dd49d72017f6,18-25,22,80,Male,South,Non-Smoker,Weekly,23.8,148,FALSE,TRUE,205.8,91.7,15-09-2025
835c8a8e-f19d-4329-a7b8-4df464273701,46-60,52,72,Other,East,Non-Smoker,Daily,18.9,161.6,FALSE,FALSE,215.8,112.4,23-11-2025
e63e2d8a-4dc3-492f-9c5a-0dd847296a93,26-35,29,66,Male,South,Former Smoker,Daily,27.2,142.3,FALSE,FALSE,200.2,84.1,07-09-2025
09939c4f-9028-4a03-bfa2-61720f813b37,36-45,42,75,Male,North,Non-Smoker,Weekly,26.1,158.2,FALSE,FALSE,183.3,84.6,11-06-2025
d1ab8741-8aee-4774-848b-c6720c678ec7,60+,69,89,Female,South,Smoker,Weekly,41.7,166,TRUE,TRUE,283.9,144,30-08-2025
1a52e407-42a0-4346-bfd3-9f55683adc7c,60+,76,65,Female,North,Non-Smoker,Rarely,21.8,149.2,FALSE,TRUE,229.4,115.2,19-10-2024
cb7e2397-0c0f-432e-82fa-3b4e3a8f84f6,36-45,38,69,Female,South,Smoker,Daily,26.4,147.6,FALSE,FALSE,236.2,83.6,25-05-2024
42e091d1-81de-4496-87f2-fb9e16aae04c,46-60,53,71,Female,West,Non-Smoker,Weekly,20.5,149.1,FALSE,FALSE,252.8,102.9,07-02-2025
0abc8dac-55f2-440b-a05e-c8eadaf57b37,60+,70,99,Female,East,Non-Smoker,Rarely,39,161.3,TRUE,TRUE,213.2,145.9,02-01-2024
6605e28a-0bf3-4a38-8b9f-29eb416f94fe,36-45,40,45,Male,North,Smoker,Rarely,20,148.8,FALSE,FALSE,203,75.6,28-04-2024
7cb7ea37-1972-434c-bdc7-a5ae83f212e7,26-35,33,77,Other,South,Non-Smoker,Weekly,29.2,144.6,FALSE,FALSE,209.4,108,28-08-2025
f27df470-e817-444d-b481-9528a835d221,60+,74,67,Other,South,Non-Smoker,Weekly,30.9,152.4,TRUE,TRUE,275.9,145.1,09-07-2024
5f318f33-3358-4226-842a-f0681cd7ce61,46-60,56,75,Female,South,Former Smoker,Weekly,24.6,153.9,FALSE,TRUE,196.2,98.5,03-01-2024
b46c36c5-82fe-4baf-9309-cb7981d9c6b0,60+,62,59,Male,West,Former Smoker,Never,27.5,161.5,TRUE,TRUE,276.5,144.8,01-05-2025
abde9460-02ae-40a6-9030-62940391cdc0,60+,70,67,Female,West,Smoker,Daily,23.9,161.6,FALSE,TRUE,248.1,115.1,14-09-2025
84e02744-509d-4900-a73b-7d104d59e62d,46-60,59,77,Male,North,Non-Smoker,Never,36,168.3,FALSE,FALSE,241.3,109.5,25-06-2024
3f72983e-83fe-4ae3-996c-69f115cb34bf,60+,75,108,Male,North,Non-Smoker,Rarely,40.3,157,TRUE,TRUE,257.7,137.2,13-09-2024
18c474c2-26d3-4cf6-b557-c42aca7525c7,46-60,56,79,Male,West,Non-Smoker,Weekly,23.5,152.7,FALSE,FALSE,213.5,91.3,17-06-2025
9e5a3612-ab42-427d-9c56-7ee4ee475bc9,26-35,31,57,Male,North,Non-Smoker,Daily,19.6,124.2,FALSE,FALSE,218.6,94,21-04-2025
e1d36bd9-3727-4333-aea1-5958855ced5c,46-60,48,62,Female,East,Former Smoker,Weekly,24.7,135.6,FALSE,FALSE,201.7,105.9,01-02-2025
245d28a7-f8e2-4540-8925-b2752d5f9d42,60+,75,62,Female,East,Former Smoker,Weekly,22.3,150.6,FALSE,FALSE,246.6,100.5,10-05-2025
2d6a0a88-c24d-4685-99aa-79cdb33569ce,18-25,22,45,Female,West,Non-Smoker,Daily,16.1,119.9,FALSE,FALSE,178,68.8,07-08-2024
14079af3-0702-4523-b618-c7375f5428ae,46-60,52,64,Male,North,Non-Smoker,Rarely,21.7,140.6,FALSE,FALSE,201.3,112,21-06-2024
0ee02ac1-3677-4f0c-a841-d1d6a3b04fdc,36-45,40,78,Male,South,Non-Smoker,Never,33.2,145.7,TRUE,FALSE,276.5,133.4,24-01-2025
da878547-a3b1-4772-b415-5235049b2552,46-60,46,51,Male,East,Non-Smoker,Weekly,17.1,147.3,FALSE,TRUE,213.5,91.9,16-05-2025
ea1df0c1-b991-453b-9bcf-b64d3430827e,46-60,60,82,Other,West,Non-Smoker,Rarely,39,157.5,FALSE,TRUE,260.8,118.8,30-07-2025
8d2d037e-8f40-4bce-9c4b-85fe1983317f,26-35,28,74,Male,North,Non-Smoker,Daily,28.7,125,FALSE,FALSE,231.8,114.1,16-09-2024
95a0c3ff-25bf-4d0f-85ec-e38f3a748628,26-35,35,58,Female,West,Non-Smoker,Weekly,22.1,148.4,FALSE,TRUE,176,68.4,10-05-2024
ab41e989-e161-4f01-b671-2321d52e5084,60+,64,66,Female,South,Non-Smoker,Daily,22,143.6,TRUE,TRUE,261,134,22-04-2024
855a7e7f-fb89-4540-8416-5366562793c6,26-35,29,89,Male,East,Non-Smoker,Weekly,31.8,141.2,FALSE,FALSE,164.3,86.4,23-12-2025
7202be4c-d644-470f-b02d-1e305cf42fdf,26-35,26,78,Female,West,Former Smoker,Never,33.3,145.4,FALSE,FALSE,204.1,106,20-01-2024
67783cdf-6fb4-44a9-9016-9b8f772d3142,26-35,27,68,Female,West,Smoker,Rarely,27.5,144.8,FALSE,FALSE,209.3,99.3,02-08-2024
ea35a062-0a9e-49ca-a3a0-baf5f101a7ab,60+,75,65,Female,West,Non-Smoker,Daily,22.8,166.4,TRUE,FALSE,247.1,138.4,05-11-2024
94418d84-e3e2-4de2-8ed3-9100139e373d,60+,61,69,Female,South,Non-Smoker,Weekly,25,156,FALSE,FALSE,232.6,97.7,07-09-2024
5fbc3a35-0ec3-48aa-abd3-8921d73dbe9e,26-35,34,61,Male,West,Smoker,Weekly,23.5,135.8,FALSE,FALSE,214.4,78.3,02-05-2025
05573562-6289-4ad8-bdf1-a37f27701d5a,60+,78,45,Male,South,Smoker,Weekly,17.1,178.8,TRUE,TRUE,240.9,124.9,16-01-2025
e09ec4dc-f01c-455c-857e-c99da9b3bbd5,46-60,55,95,Female,South,Smoker,Rarely,31.4,159.9,FALSE,FALSE,225.8,109.2,12-02-2025
0409de26-ee3f-498e-a6ce-af999e2bb56a,18-25,24,70,Female,South,Former Smoker,Rarely,26.7,134.8,FALSE,FALSE,178.1,107.2,27-09-2024
5fce110c-b83d-4989-8f12-0bdf7e8f2754,60+,63,73,Male,East,Non-Smoker,Weekly,26.5,162.3,FALSE,TRUE,246.5,92.2,10-02-2025
3e3a40b3-2d7c-4256-bd70-e95e1b366c5e,26-35,30,67,Female,East,Former Smoker,Weekly,18.8,136,FALSE,FALSE,214.6,104,22-11-2025
1af66c8e-7c11-4ec4-bfff-785b8b2cf377,46-60,57,58,Female,West,Non-Smoker,Weekly,24.9,153.4,TRUE,FALSE,256.8,123.5,12-07-2024
cb845b51-d872-4479-be0d-8cf6b52b24ee,46-60,59,66,Female,West,Non-Smoker,Daily,29.9,176.4,TRUE,FALSE,218.3,136.7,16-03-2025
5b552ff7-2a9f-48cc-8311-3506c115af7f,26-35,26,47,Male,East,Non-Smoker,Weekly,15.4,127.2,FALSE,TRUE,201.5,86.1,08-11-2024
9d84acc9-e10e-4b52-ad44-4f939d773f01,60+,67,98,Female,North,Non-Smoker,Weekly,38.2,160.1,TRUE,TRUE,246.9,140.9,19-03-2024
1609760b-dba7-4615-ac37-05d7d2a591ea,36-45,44,52,Female,East,Non-Smoker,Rarely,19.4,141.5,FALSE,FALSE,230.9,105.5,28-06-2024
6eb0653b-1404-4344-9d96-1e53f01e1453,60+,75,55,Male,South,Non-Smoker,Rarely,21.7,165.5,FALSE,FALSE,254.2,91.2,05-11-2025
d676595f-0d43-4624-b9a1-265e2477aa07,18-25,19,62,Male,East,Non-Smoker,Daily,22.9,117.9,FALSE,FALSE,197.8,87.2,14-12-2025
f8f7d512-a531-4c5d-8bcf-79ed88a3d332,18-25,22,85,Other,South,Former Smoker,Weekly,25.4,116.7,FALSE,FALSE,197.8,97.8,14-01-2024
4f042ecb-b21a-4598-9624-04feac5831b0,46-60,46,68,Male,West,Former Smoker,Daily,22.2,137.8,TRUE,FALSE,237,150.5,02-09-2024
128c4054-265c-4392-baa3-5fe0f2762186,46-60,54,52,Female,North,Former Smoker,Daily,16.9,128.6,FALSE,FALSE,228.8,88.4,14-01-2024
75739e24-ba50-4831-af26-ef2d51244d16,46-60,55,84,Female,West,Non-Smoker,Rarely,36,152.3,TRUE,FALSE,226.6,156.1,08-04-2024
c051e9d2-5dc8-4258-a19d-d183fd8475eb,36-45,36,78,Male,South,Non-Smoker,Daily,32.3,149.7,FALSE,FALSE,193.9,122.3,02-02-2024
b769c135-76bc-4b92-a6b4-d4c593a6952f,18-25,25,75,Female,South,Non-Smoker,Weekly,35.7,134.4,FALSE,FALSE,211.5,101.2,11-03-2025
29bbcacb-21a8-4e26-824c-58e133cdf37d,60+,65,77,Male,South,Non-Smoker,Daily,30.5,144.2,TRUE,TRUE,269.8,131.5,13-09-2024
250aa545-47f1-47e5-a569-cd1c8c3646c5,60+,62,99,Female,North,Non-Smoker,Rarely,31.8,157.2,TRUE,FALSE,262.1,127.7,03-02-2024
bb2b5afd-0295-4e22-8b97-b2d8e4dd1049,18-25,18,96,Male,East,Non-Smoker,Weekly,32.4,144.9,FALSE,FALSE,184.9,98.4,19-01-2024
4517dadf-a3d1-4051-bd9b-1eba779af3da,36-45,39,59,Female,West,Non-Smoker,Daily,21.7,124.4,FALSE,FALSE,183.4,82.9,25-10-2025
1735e324-c277-4d71-a9ee-d30cd6a58b0f,60+,69,89,Male,West,Non-Smoker,Weekly,32,167.2,FALSE,TRUE,270.2,107.3,16-09-2024
759980c9-8802-4025-86a0-1b53d91da1a3,26-35,34,73,Male,East,Former Smoker,Rarely,28.5,149.2,FALSE,FALSE,195.5,114.8,06-11-2025
fa0e3fd8-ab8e-4ead-8f35-b194f5a93441,60+,80,74,Other,West,Non-Smoker,Never,25.9,169.4,FALSE,FALSE,254,100.5,11-08-2025
c3c564e2-3f8c-4d74-ba28-4d79ab3b377e,18-25,24,46,Male,North,Smoker,Daily,15.1,144.6,FALSE,FALSE,185.3,88.2,19-02-2025
e29bbe92-43aa-4fea-89f3-4aaa984dda5b,36-45,42,66,Female,West,Smoker,Rarely,29,170.6,FALSE,FALSE,264.3,84.5,16-05-2024
d8a8803a-8785-411c-b82c-3b2d90c243e5,60+,62,57,Male,South,Former Smoker,Never,19.7,145.5,FALSE,TRUE,210.6,103.7,24-12-2024
0aaae062-4e3e-4488-8f68-8f7bf966a091,18-25,21,79,Female,East,Non-Smoker,Never,25.4,134.9,FALSE,FALSE,221.7,98.4,20-12-2025
c44de5a7-d96c-4825-a7e0-ec15d46ce4a8,46-60,53,82,Male,North,Non-Smoker,Weekly,30.9,148.2,TRUE,FALSE,234.8,133.2,01-08-2025
32c3b4b8-14bc-4145-aff3-3b10e085f8c9,18-25,23,45,Other,East,Former Smoker,Weekly,14.9,128.1,FALSE,FALSE,194.6,88.2,25-04-2024
d4c03abb-83f8-4725-ae32-bbb5760f41c6,60+,77,68,Male,North,Former Smoker,Weekly,17.9,168.1,FALSE,TRUE,195.2,98.8,07-02-2025
084dc067-bd10-4e58-8cb1-6e5197db39d3,46-60,48,83,Male,South,Non-Smoker,Rarely,30.1,137.1,FALSE,TRUE,182.1,108.2,20-07-2024
9901fa34-ef04-4498-82a7-bfb67b58ed7d,36-45,36,66,Male,East,Non-Smoker,Weekly,22.6,131.1,FALSE,FALSE,201.5,96.6,10-01-2025
5cac1c88-3473-4e6b-b6d8-fb4e8ee32b19,60+,78,77,Male,West,Non-Smoker,Rarely,30.2,175.1,TRUE,TRUE,253.7,139.8,06-09-2024
296e2cd8-f955-472f-b42e-199f14d16f3b,60+,61,73,Female,North,Non-Smoker,Weekly,25.6,161.3,FALSE,FALSE,206.6,105.2,21-03-2025
ead95158-73e2-407c-bd66-01fbb03b8979,60+,71,72,Male,East,Smoker,Rarely,24.5,157.6,FALSE,TRUE,225.2,115.5,04-10-2024
e6f4010f-5a2c-4f99-940a-c41db3a7b899,46-60,56,64,Female,West,Former Smoker,Rarely,22.4,155.4,FALSE,FALSE,236.8,107.2,21-04-2024
9fa54f71-27de-4397-a11f-deeb0d5f436a,36-45,44,52,Male,East,Non-Smoker,Daily,21.1,144.6,FALSE,FALSE,220.9,99.5,17-04-2025
28231e78-9c22-4ea8-b139-168036c241c2,26-35,27,53,Male,East,Non-Smoker,Rarely,18.5,145.7,FALSE,FALSE,190.2,108.2,18-11-2025
b69d76b0-d4e3-46b1-a279-d993f8d219d2,36-45,43,77,Female,East,Non-Smoker,Weekly,23.3,143.2,FALSE,FALSE,227.8,102.8,26-01-2025
134f1ad0-a053-49ac-8468-6bfa69a7a67e,36-45,36,68,Female,North,Smoker,Rarely,23.1,153.4,FALSE,FALSE,195.2,110.2,22-05-2024
2b4b0269-a2ba-4ac6-982c-2579b2694e8f,46-60,56,66,Male,West,Smoker,Weekly,21.2,175.8,FALSE,TRUE,223.7,105.8,01-02-2024
3d3e7ce3-13b7-4060-9e2f-d3ba1ab5524e,60+,79,62,Male,South,Non-Smoker,Weekly,22.9,163.8,FALSE,TRUE,271.6,86.4,29-06-2024
994c9fc2-97b6-4a6e-b91f-dde0f60efb6c,18-25,20,64,Male,North,Smoker,Never,21,136.1,FALSE,FALSE,204.9,106.2,01-08-2025
c502a7f1-c59a-4e26-a9b6-63e133b2c1d7,60+,62,82,Female,North,Non-Smoker,Weekly,28.4,160.9,FALSE,FALSE,236.6,106.1,30-05-2025
5442602d-1059-4707-9746-a96cf7c95dee,26-35,30,64,Female,North,Non-Smoker,Rarely,25.8,135,FALSE,FALSE,252.3,97.1,25-09-2024
12820bf4-a0ab-40e7-981a-713df055be4a,60+,67,51,Male,South,Smoker,Weekly,17.6,176.1,FALSE,FALSE,205.7,102.6,23-08-2024
d247222e-0aa1-41a3-88bb-031161b38738,36-45,45,78,Female,West,Former Smoker,Weekly,31.6,150.4,FALSE,FALSE,247.1,100,03-10-2024
d8e6a9f4-0de8-4248-bc99-797489a64de4,60+,79,65,Female,West,Non-Smoker,Weekly,25.2,157.5,FALSE,FALSE,275.3,108.4,06-07-2025
99505c01-7b28-4b30-b4e9-67f70617f5b5,60+,75,68,Female,West,Non-Smoker,Weekly,23.8,149.7,FALSE,TRUE,230.5,98.7,24-09-2025
ab9707f0-27a6-4c9c-9aa1-ce92d766d7d4,36-45,37,89,Female,East,Non-Smoker,Weekly,30.8,154.5,FALSE,FALSE,236.1,114.3,01-10-2024
1f3b067f-cfed-4ada-a6a8-7b739b10edb2,36-45,45,68,Male,East,Non-Smoker,Daily,28.3,154.4,FALSE,FALSE,201.6,100.5,26-03-2024
7b3193d4-3136-4877-9356-b62149ff1f1f,18-25,25,72,Male,East,Smoker,Weekly,22.8,134.6,FALSE,FALSE,196.2,91.2,03-03-2024
f7cb4787-ab9e-4d53-9371-9fb0e18308c2,60+,78,53,Male,South,Non-Smoker,Daily,17.8,159.9,FALSE,TRUE,237.9,92.6,07-02-2025
68c3968c-de08-4576-b6df-00819bde2044,60+,80,65,Male,East,Former Smoker,Never,25.4,146.9,TRUE,TRUE,264.1,137.1,10-07-2024
72a5fa30-1cd8-4ff2-9c19-c6487fa443f5,46-60,58,76,Female,South,Non-Smoker,Never,33.1,157.3,TRUE,TRUE,260.6,136.5,19-10-2024
ca4366fa-56b2-4cb0-b3d5-70f0554c03ff,46-60,56,48,Female,West,Non-Smoker,Weekly,17.5,148.6,FALSE,FALSE,244.6,101.6,31-01-2024
ce94e024-2ec1-4046-85d4-6bb3cdbed012,18-25,18,71,Male,East,Non-Smoker,Rarely,26.9,149,FALSE,FALSE,197.5,85.8,25-11-2024
5034b24f-43ce-4736-8906-4d26b5265900,18-25,20,69,Male,East,Former Smoker,Weekly,24.4,125.9,FALSE,FALSE,225.5,79,19-10-2025
3a78fd49-b4e6-4d98-87f1-51227a259c44,26-35,30,69,Male,North,Non-Smoker,Rarely,25.9,126.8,FALSE,FALSE,199.5,103.9,16-04-2024
16a2f956-b0c5-406e-a25d-f1d9cdf26c9d,36-45,45,81,Female,South,Non-Smoker,Rarely,37.5,144.6,FALSE,FALSE,253,121.6,13-09-2025
fb3a80fb-0607-4bca-add6-f90951ce2917,60+,79,72,Male,West,Non-Smoker,Never,27.1,149.1,FALSE,FALSE,249,96.9,02-10-2024
ea55cc0c-4687-46f2-99fc-b9aaf73d8714,60+,74,87,Female,North,Non-Smoker,Weekly,32.4,174.4,TRUE,TRUE,258,153,22-12-2025
f40059eb-dcfb-4415-9b34-56917c7f5688,60+,80,55,Male,North,Former Smoker,Rarely,18.3,169.8,TRUE,TRUE,245.9,133.3,12-10-2025
f145d4ec-d913-469b-9d0a-78b6aff632ed,60+,77,70,Male,West,Non-Smoker,Weekly,27.3,163.3,FALSE,FALSE,211.6,106.8,20-08-2025
bc8a2674-30fd-4117-97b4-ec633d929ac1,60+,66,69,Other,North,Non-Smoker,Never,20.4,162,FALSE,TRUE,202.6,97.1,09-07-2025
c46a6660-4c47-4d49-bb67-78b78363c23a,36-45,42,54,Other,South,Former Smoker,Daily,24.7,144.2,FALSE,TRUE,220.6,85.3,22-03-2024
abcd99e1-b92b-406b-81b8-ab432a3b82ab,60+,73,80,Male,South,Former Smoker,Weekly,24.7,156,FALSE,FALSE,208.1,114.6,04-03-2024
d119de23-605b-452c-ae63-329dae724334,46-60,50,98,Female,East,Former Smoker,Rarely,36.1,151,TRUE,FALSE,258.3,127.1,20-07-2025
2f68ddf5-dab7-4aa5-9ea2-72c50d157503,46-60,55,68,Female,North,Non-Smoker,Rarely,22.1,144.3,FALSE,FALSE,236.8,92.3,08-08-2025
5335f3e8-6c24-4f01-b138-b140cf9723ac,60+,70,75,Female,East,Non-Smoker,Daily,26.6,142.9,FALSE,FALSE,243.9,115.1,08-05-2024
294dfa51-4863-4eef-9c7d-eba7b2e807a6,18-25,23,69,Male,North,Non-Smoker,Never,21.7,134.8,FALSE,FALSE,172.4,75.2,12-09-2024
9b227fc3-e833-43c0-b139-0b8f8f5b1c2e,60+,75,59,Female,South,Non-Smoker,Daily,22.2,155.8,TRUE,TRUE,262.2,116.5,18-08-2024
eeda4857-806e-480e-aa2d-7507491f749f,60+,61,45,Female,South,Smoker,Weekly,18.5,159.2,TRUE,TRUE,271.2,127,11-05-2025
76dc3e58-00c5-4fe6-a60d-6b0449d34328,60+,62,59,Female,South,Non-Smoker,Daily,18,148.4,TRUE,FALSE,221.4,130,16-05-2024
bc9df9db-6c99-445a-861e-1b91fbaf794f,46-60,49,50,Male,North,Non-Smoker,Weekly,18.2,140.4,FALSE,FALSE,219.3,101.7,30-03-2025
a30a4345-6275-47cc-9cb3-e88d157b6ff7,60+,62,90,Male,South,Smoker,Weekly,31.4,153.5,TRUE,TRUE,254.6,131.4,20-12-2024
2343821c-7600-4036-b763-27b3a7482e2c,60+,78,67,Male,North,Non-Smoker,Weekly,20.8,157.3,TRUE,FALSE,245.3,156.8,15-09-2025
a5a38115-098e-4490-8a7b-b04fab5a56ae,60+,64,64,Female,East,Non-Smoker,Daily,26.1,160.4,TRUE,FALSE,229.8,129.6,29-04-2025
4bfc35d9-ae65-4248-8c6a-ddd288d6536c,36-45,38,80,Male,North,Former Smoker,Daily,26.7,132.2,FALSE,FALSE,217.9,97.2,25-05-2024
7ddafa9e-f88b-4d34-ad7e-5597286d8094,26-35,33,53,Female,East,Smoker,Weekly,20.4,141.9,FALSE,FALSE,230.5,87.2,02-02-2024
d63236bc-50c0-451e-ba31-130aea30806d,60+,71,58,Other,North,Non-Smoker,Rarely,21.1,155.8,TRUE,TRUE,276.8,131.6,16-09-2024
6fc8ab49-e5cd-4fbe-8446-fe68fa742118,36-45,38,69,Male,East,Non-Smoker,Rarely,24.5,134.6,FALSE,FALSE,182.2,104.5,27-03-2024
a5c9adc2-e094-42f5-8d71-6e33dca4cadc,26-35,28,81,Female,South,Non-Smoker,Daily,35.1,138.1,FALSE,FALSE,216.6,114.4,21-09-2024
39a2d779-76b6-431b-bcb1-572911f53a4e,60+,77,75,Male,East,Non-Smoker,Weekly,29.6,164,FALSE,FALSE,223.5,93.2,25-06-2025
69ad3759-ed71-48ea-9ca6-06ec77452200,46-60,54,71,Female,South,Non-Smoker,Daily,21.8,136.3,TRUE,FALSE,250,125.3,26-01-2025
8bba7d20-b0c9-4a27-af81-637e6dea089e,46-60,53,69,Male,South,Smoker,Daily,22.3,154.5,FALSE,TRUE,218.4,104.3,19-08-2024
ab17b15f-c823-466a-bfed-858fd910a817,46-60,52,73,Female,East,Non-Smoker,Rarely,26.4,140.5,FALSE,FALSE,194.7,107.8,10-08-2025
72a19062-95ff-41fd-9ffa-a5779b048e7c,36-45,36,71,Female,North,Non-Smoker,Weekly,24.7,149.8,FALSE,FALSE,221.8,98.1,22-03-2025
3ec04d72-072a-462c-bc9a-547514bfc0ff,36-45,37,55,Female,North,Non-Smoker,Daily,20.4,159,FALSE,FALSE,238.2,101.3,08-05-2024
eb5a12f9-fb0a-4b00-a5f8-e141d5f6fe77,60+,74,69,Female,West,Former Smoker,Daily,21.2,147.3,FALSE,TRUE,250.6,94.9,27-09-2024
c013726a-95df-4cfa-b015-a53b6d93f0a0,26-35,35,54,Female,North,Former Smoker,Daily,19.8,141.4,FALSE,FALSE,210,110.8,29-03-2024
9894c979-488a-4905-b91c-a97fa799a316,60+,64,69,Female,West,Non-Smoker,Rarely,24.1,145.9,TRUE,FALSE,237.3,140.7,10-04-2025
c0c28eaa-942c-413a-a0a8-ef2c8a3f19e5,46-60,58,62,Female,North,Non-Smoker,Never,19.5,156.1,FALSE,FALSE,246,85.7,18-06-2024
65e2a882-5440-403d-bcc3-c9feaa8596d4,60+,66,101,Female,North,Non-Smoker,Daily,39.8,152.2,TRUE,TRUE,236.7,129,07-05-2024
2adbd4f2-a0c3-43af-b4d2-c014ccc4edd0,26-35,31,67,Male,South,Former Smoker,Daily,20.1,139.3,FALSE,FALSE,201.2,84.2,22-06-2024
47a433b7-a701-45f0-a230-32c1572ca9fc,26-35,32,50,Female,West,Non-Smoker,Rarely,21.7,128.6,FALSE,FALSE,192.5,102.5,26-01-2024
214a960f-3ff6-4c6e-975b-fe3ff6ed48c3,46-60,48,66,Female,North,Non-Smoker,Never,19.6,140.5,FALSE,TRUE,187,84.6,26-07-2025
d66d8394-dbc4-451d-ac70-0cb10afc9ce7,18-25,18,75,Female,West,Former Smoker,Weekly,28.1,125.1,FALSE,FALSE,199.1,93.4,25-05-2025
ac874687-3695-46b2-a5b7-504cc84490c9,60+,70,90,Male,South,Non-Smoker,Daily,33.2,168.5,FALSE,FALSE,269.5,113.4,02-05-2025
0fb15a04-d3f7-4c58-83f5-d161e67458f6,60+,71,60,Female,South,Former Smoker,Daily,27.4,150.2,TRUE,FALSE,255.7,133.2,01-08-2025
dd69658d-03c9-4f26-9a02-51b2ef8171d3,60+,71,47,Male,West,Non-Smoker,Weekly,17.8,156.5,FALSE,FALSE,237.8,103.2,09-02-2025
5cb09f77-5fda-44c8-aa72-61e7bc4beddf,18-25,20,79,Female,South,Non-Smoker,Weekly,32.2,134.8,FALSE,FALSE,211.2,88.7,26-01-2024
a438b245-f2fc-4b50-baa4-f9a62e933c7e,26-35,33,50,Male,East,Non-Smoker,Daily,19.3,134.4,FALSE,FALSE,209.2,100.5,23-03-2024
0ee32528-2973-47e3-ae7d-3775738b89e3,36-45,40,62,Female,East,Former Smoker,Weekly,22.6,142,FALSE,FALSE,197.9,91.5,29-12-2024
d324f793-c761-49b9-bb44-c401d77dea4a,60+,74,65,Other,South,Former Smoker,Daily,20.8,148,TRUE,TRUE,230.5,127.5,01-01-2025
bea81cec-4ad0-46d4-ba3c-68c4171ef2c2,26-35,28,67,Male,East,Non-Smoker,Rarely,23.4,137.7,FALSE,FALSE,204.9,98.3,29-02-2024
80989ae8-4c12-43e0-86fc-0ab33240771c,26-35,29,77,Other,North,Non-Smoker,Weekly,26.6,152.1,FALSE,FALSE,212.2,98.9,04-07-2025
0c863be2-5a10-41c9-ace2-1a519a0da224,26-35,27,59,Male,West,Non-Smoker,Daily,24.2,128.9,FALSE,FALSE,208,96.4,26-09-2025
ceb67cb6-e3bb-49b1-8664-c4971558ad72,46-60,49,64,Female,North,Former Smoker,Weekly,25.6,157.2,FALSE,FALSE,222.4,93.4,18-10-2024
6637a948-fef7-427a-a739-1e1638580bd2,26-35,33,68,Female,West,Non-Smoker,Weekly,19.9,149.3,FALSE,FALSE,192.1,91.9,09-07-2024
b9f1967a-f1a1-4ade-bfbd-b33323ceee14,18-25,25,70,Female,South,Non-Smoker,Never,27.5,129.8,FALSE,FALSE,268.2,97.6,05-04-2025
dbeced92-ca7a-4b7c-aef6-7e8895700076,46-60,55,69,Female,North,Smoker,Weekly,20.5,138,FALSE,TRUE,247.1,85.4,25-10-2025
d130fef2-e841-4cba-a21c-28b14f9c6272,26-35,29,74,Female,South,Non-Smoker,Weekly,27.3,141.5,FALSE,FALSE,216,93.6,20-08-2024
e24c46fc-73a5-4406-b730-ccc4e729cf1f,36-45,41,79,Male,South,Non-Smoker,Rarely,28.3,139.9,FALSE,TRUE,213.5,104.8,18-04-2025
70cc6996-5553-4a14-9964-e86998fe8e2e,36-45,45,73,Male,West,Non-Smoker,Weekly,23.1,160.1,FALSE,FALSE,204.4,86,08-02-2025
ab7bf332-0c30-4013-aa86-3c7a81463df0,60+,70,74,Female,West,Smoker,Never,22.9,159.7,TRUE,FALSE,241.2,142.8,19-10-2025
a90619a0-e831-45ed-a3ee-3e7b2f9d58f6,18-25,25,47,Female,West,Former Smoker,Weekly,17.1,123.1,FALSE,TRUE,200.3,104.6,27-09-2024
e457c8e2-48d5-429b-9272-2c73873169b0,60+,75,69,Female,North,Smoker,Weekly,25.9,153.3,FALSE,TRUE,214.5,93.3,13-05-2024
ad4908ee-983c-42f1-89fe-bf8954a4f3e6,36-45,45,74,Female,East,Non-Smoker,Daily,26.7,155.4,FALSE,FALSE,187.4,114.4,19-06-2024
984c5013-d42b-43fa-9494-3e8ea02d00f9,46-60,53,77,Male,West,Former Smoker,Weekly,26.5,143.9,FALSE,FALSE,216.8,100.7,18-02-2025
acc1cbfe-7d56-4384-b8ec-61702633e3f3,36-45,43,59,Female,West,Non-Smoker,Rarely,19.1,140.2,FALSE,FALSE,210,100.4,28-01-2024
eabe4626-3057-4bc1-b681-20327bbeb396,18-25,25,59,Male,North,Non-Smoker,Rarely,21.1,141.6,FALSE,FALSE,190.6,89.1,15-05-2024
83825ba9-6c3e-4406-9e12-ad341d310149,60+,75,61,Female,West,Non-Smoker,Daily,20.3,150.6,TRUE,TRUE,261.3,139.9,08-02-2025
f3444cdb-fe88-4563-8ed4-a95d9a9c6695,60+,77,75,Male,North,Former Smoker,Daily,22.3,156.7,FALSE,FALSE,211.6,108.2,19-05-2025
f1c4dca3-a43d-4795-836b-0a9c1ec7dac9,60+,67,81,Male,South,Non-Smoker,Rarely,27.8,156.1,FALSE,FALSE,221.9,97.2,28-08-2024
98dd477a-c5bb-4cf8-b501-8d5048b45744,36-45,45,63,Male,West,Former Smoker,Never,21.8,148.6,FALSE,FALSE,246.9,86.4,19-03-2025
6fb19b28-db58-4af2-b54e-79c79116f3e5,36-45,45,80,Male,West,Smoker,Daily,34.7,161.1,FALSE,TRUE,245.4,90.6,09-03-2025
c6079e93-92dc-4649-bd4c-c00c5fcc3618,46-60,54,70,Female,South,Non-Smoker,Weekly,33.3,152,FALSE,FALSE,253.1,107.9,15-08-2024
9c9bcb5e-4acb-4056-ac28-0031d2af5b54,46-60,58,66,Male,South,Non-Smoker,Weekly,22.6,149.4,FALSE,FALSE,263.4,106.6,23-05-2025
1e84f7df-881b-4569-9225-99a5e8800af5,46-60,53,65,Male,South,Former Smoker,Rarely,23.6,143.8,FALSE,FALSE,211.3,107,29-10-2024
a641337b-65de-4e46-8cdc-807026b0a19d,36-45,44,78,Male,West,Smoker,Daily,29.8,138.9,FALSE,FALSE,232.7,101.1,03-02-2024
3da43b64-c8f3-4555-b466-f8b8a98f49b7,60+,71,72,Male,East,Former Smoker,Daily,25.1,158.6,FALSE,FALSE,235.5,93,02-01-2024
c8f74a10-dff0-4e48-926d-7dd31938df11,60+,80,98,Male,East,Non-Smoker,Rarely,35.4,184,TRUE,FALSE,219,133,27-12-2024
6b0b8d3d-8c5c-4da4-b208-eeafe7794996,26-35,34,57,Male,East,Non-Smoker,Daily,17.9,127,FALSE,FALSE,191.1,105.5,13-07-2024
4f259984-147e-4c1a-bacb-3cabc6a6e104,26-35,26,75,Female,West,Smoker,Weekly,26.6,135,FALSE,FALSE,234,92.5,28-08-2025
899461fb-da66-43e0-9371-aaf298ece9a7,46-60,50,61,Female,South,Former Smoker,Weekly,24,138.3,FALSE,FALSE,234.3,101.6,03-11-2024
a993020d-df45-4a77-8fc5-f9bb9c874b06,60+,70,57,Female,West,Smoker,Weekly,18.2,162.9,FALSE,TRUE,249.2,89.9,08-10-2025
e8800964-a393-46fa-869c-e8e68fd8bb29,36-45,37,68,Male,South,Non-Smoker,Weekly,25,144.9,FALSE,FALSE,202.7,101.8,16-12-2025
3575da94-86be-4637-bd50-144a24d6fc1c,26-35,30,70,Male,West,Non-Smoker,Weekly,23.6,135.4,FALSE,FALSE,189.8,91.8,06-09-2024
671d0fda-6c8f-4129-a7f5-aab6fbdb63c0,36-45,45,106,Female,West,Former Smoker,Daily,40.3,146.2,FALSE,FALSE,269.6,118.7,26-05-2024
56d3b5d0-ec85-4149-8da9-aec9b13ce9fa,60+,65,66,Female,South,Non-Smoker,Weekly,25.6,154.7,FALSE,FALSE,222.2,111.5,11-12-2024
dd776907-d092-4650-9114-228123b453b2,46-60,46,53,Male,East,Non-Smoker,Rarely,18.8,126.8,FALSE,FALSE,213.6,91.7,13-12-2024
8021c975-e7f6-4603-b0d1-023b6a70f96d,26-35,30,72,Male,South,Non-Smoker,Rarely,25.8,139.6,FALSE,FALSE,209.5,96.3,10-09-2024
0076277d-bf3c-4f8b-b039-2fd88e09e8e9,60+,63,45,Male,North,Non-Smoker,Daily,15.2,154.1,FALSE,FALSE,244.3,92.2,02-02-2025
bfb7c5d6-4365-4752-8b63-3422c4f70a5f,46-60,52,67,Male,North,Non-Smoker,Daily,24.8,136.3,TRUE,FALSE,240.6,114.8,29-11-2024
4dcb6ee3-de0c-4662-b343-b3ca341541e4,60+,78,68,Male,South,Former Smoker,Weekly,30.8,149.3,FALSE,FALSE,228.8,100.4,24-06-2024
05d603b4-0961-47be-a70b-60f25105810e,18-25,23,78,Female,West,Former Smoker,Weekly,29.5,151.7,FALSE,FALSE,187.7,100.3,04-05-2024
c8bbc21b-2ef6-4203-a70a-b720bb13cd75,26-35,35,81,Female,North,Smoker,Weekly,26.5,140.5,TRUE,FALSE,234.6,130.1,01-02-2025
c959aa1b-2475-4240-a3bc-70124f7daa30,60+,68,61,Female,North,Non-Smoker,Rarely,22.7,163.6,FALSE,FALSE,228.8,104.2,10-05-2024
ee5c4c55-86c5-4bdd-ad05-b6dbba314e90,18-25,22,66,Female,West,Smoker,Daily,24.4,137.4,FALSE,FALSE,201,92.4,15-07-2025
